thisN,thisTrialN,thisRepN,tilt,key_resp.keys,key_resp.corr,key_resp.rt,key_resp.duration,trials.thisRepN,trials.thisTrialN,trials.thisN,trials.thisIndex,thisRow.t,notes,trial.started,fixation.started,key_resp.started,fixation.stopped,trial.stopped,trials.tilt,trials.key_resp.keys,trials.key_resp.corr,trials.key_resp.rt,trials.key_resp.duration,participant,session,date,expName,expVersion,psychopyVersion,frameRate,expStart,
0,0,0,4,up,0,1.6654513330140617,None,0,0,0,0,0.015191332990070805,,0.01002454198896885,0.015191332990070805,1.014156416989863,1.0224179579818156,3.1048673749901354,4,up,0,1.6654513330140617,None,328931,"001",2025-09-11_05h49.43.433,Discrimination Orientation task,,2025.2.0,None,2025-09-11 05h49.43.451105 +0530,
1,0,1,1,up,0,1.312206333008362,None,1,0,1,0,3.182969082990894,,3.1050241669872776,3.182969082990894,4.096905374986818,4.1771414169925265,5.4118183749960735,1,up,0,1.312206333008362,None,328931,"001",2025-09-11_05h49.43.433,Discrimination Orientation task,,2025.2.0,None,2025-09-11 05h49.43.451105 +0530,
2,0,2,0,up,1,1.1358038739999756,None,2,0,2,0,5.434139082994079,,5.412201707978966,5.434139082994079,6.406246917002136,6.428406999999424,7.545161249989178,0,up,1,1.1358038739999756,None,328931,"001",2025-09-11_05h49.43.433,Discrimination Orientation task,,2025.2.0,None,2025-09-11 05h49.43.451105 +0530,
3,0,3,0,up,1,1.6643359580193646,None,3,0,3,0,7.554671749996487,,7.5455408330017235,7.554671749996487,8.539544750005007,8.545620541990502,10.208241541986354,0,up,1,1.6643359580193646,None,328931,"001",2025-09-11_05h49.43.433,Discrimination Orientation task,,2025.2.0,None,2025-09-11 05h49.43.451105 +0530,
4,0,4,-4,up,0,0.93592745802016,None,4,0,4,0,10.216667250002502,,10.208869750000304,10.216667250002502,11.206057707982836,11.212126083002659,12.146280249988195,-4,up,0,0.93592745802016,None,328931,"001",2025-09-11_05h49.43.433,Discrimination Orientation task,,2025.2.0,None,2025-09-11 05h49.43.451105 +0530,
5,0,5,0,down,0,0.9328938749968074,None,5,0,5,0,12.155484499991871,,12.14665279199835,12.155484499991871,13.146985582978232,13.146985582978232,14.091054166987306,0,down,0,0.9328938749968074,None,328931,"001",2025-09-11_05h49.43.433,Discrimination Orientation task,,2025.2.0,None,2025-09-11 05h49.43.451105 +0530,
6,0,6,0,down,0,0.632369083003141,None,6,0,6,0,14.100808207993396,,14.091618332982762,14.100808207993396,15.089483374991687,15.095046792004723,15.724878207984148,0,down,0,0.632369083003141,None,328931,"001",2025-09-11_05h49.43.433,Discrimination Orientation task,,2025.2.0,None,2025-09-11 05h49.43.451105 +0530,
7,0,7,-4,up,0,0.8130729990079999,None,7,0,7,0,15.73519654199481,,15.72581387500395,15.73519654199481,16.722709583002143,16.728977999999188,17.541435958002694,-4,up,0,0.8130729990079999,None,328931,"001",2025-09-11_05h49.43.433,Discrimination Orientation task,,2025.2.0,None,2025-09-11 05h49.43.451105 +0530,
8,0,8,0,up,1,1.225332873989828,None,8,0,8,0,17.551265291986056,,17.542053457989823,17.551265291986056,18.539462499989895,18.544923832989298,19.774222707987064,0,up,1,1.225332873989828,None,328931,"001",2025-09-11_05h49.43.433,Discrimination Orientation task,,2025.2.0,None,2025-09-11 05h49.43.451105 +0530,
9,0,9,0,up,1,1.0559936249919701,None,9,0,9,0,19.783754707983462,,19.774664458003826,19.783754707983462,20.77271049999399,20.777242957992712,21.842136291990755,0,up,1,1.0559936249919701,None,328931,"001",2025-09-11_05h49.43.433,Discrimination Orientation task,,2025.2.0,None,2025-09-11 05h49.43.451105 +0530,
10,0,10,4,up,0,0.6926685830112547,None,10,0,10,0,21.851926041999832,,21.84314116698806,21.851926041999832,22.838906332995975,22.844511000002967,23.541432291996898,4,up,0,0.6926685830112547,None,328931,"001",2025-09-11_05h49.43.433,Discrimination Orientation task,,2025.2.0,None,2025-09-11 05h49.43.451105 +0530,
11,0,11,0,up,1,1.1373129990242887,None,11,0,11,0,23.55127666698536,,23.54220070800511,23.55127666698536,24.539321207994362,24.54417354200268,25.67889304200071,0,up,1,1.1373129990242887,None,328931,"001",2025-09-11_05h49.43.433,Discrimination Orientation task,,2025.2.0,None,2025-09-11 05h49.43.451105 +0530,
12,0,12,0,down,0,0.6778039159835316,None,12,0,12,0,25.68874820799101,,25.679262166988337,25.68874820799101,26.672736874985276,26.677293541986728,27.357829416985624,0,down,0,0.6778039159835316,None,328931,"001",2025-09-11_05h49.43.433,Discrimination Orientation task,,2025.2.0,None,2025-09-11 05h49.43.451105 +0530,
13,0,13,1,down,1,0.5743572500068694,None,13,0,13,0,27.367593250004575,,27.35843345799367,27.367593250004575,28.35607779197744,28.361722832982196,28.941577999998117,1,down,1,0.5743572500068694,None,328931,"001",2025-09-11_05h49.43.433,Discrimination Orientation task,,2025.2.0,None,2025-09-11 05h49.43.451105 +0530,
14,0,14,1,down,1,0.8238568740198389,None,14,0,14,0,28.95163362499443,,28.942497249983717,28.95163362499443,29.93953458298347,29.94556174997706,30.77507683300064,1,down,1,0.8238568740198389,None,328931,"001",2025-09-11_05h49.43.433,Discrimination Orientation task,,2025.2.0,None,2025-09-11 05h49.43.451105 +0530,
15,0,15,0,up,1,0.9297851669834927,None,15,0,15,0,30.784957875002874,,30.775881416979246,30.784957875002874,31.772743624984287,31.77750954197836,32.70822249999037,0,up,1,0.9297851669834927,None,328931,"001",2025-09-11_05h49.43.433,Discrimination Orientation task,,2025.2.0,None,2025-09-11 05h49.43.451105 +0530,
16,0,16,-3,up,0,0.9096922920143697,None,16,0,16,0,32.71839020799962,,32.70908166698064,32.71839020799962,33.705755207978655,33.711414958001114,34.624979166983394,-3,up,0,0.9096922920143697,None,328931,"001",2025-09-11_05h49.43.433,Discrimination Orientation task,,2025.2.0,None,2025-09-11 05h49.43.451105 +0530,
17,0,17,0,up,1,0.7366994170006365,None,17,0,17,0,34.63498899998376,,34.625755457993364,34.63498899998376,35.62267116698786,35.628366707998794,36.36231979198055,0,up,1,0.7366994170006365,None,328931,"001",2025-09-11_05h49.43.433,Discrimination Orientation task,,2025.2.0,None,2025-09-11 05h49.43.451105 +0530,
18,0,18,0,up,1,1.4499640410067514,None,18,0,18,0,36.37160062498879,,36.362704957980895,36.37160062498879,37.35626579198288,37.36235504198703,38.808049499988556,0,up,1,1.4499640410067514,None,328931,"001",2025-09-11_05h49.43.433,Discrimination Orientation task,,2025.2.0,None,2025-09-11 05h49.43.451105 +0530,
19,0,19,0,up,1,1.4952538330107927,None,19,0,19,0,38.814577499986626,,38.80885170798865,38.814577499986626,39.80592479198822,39.811517333000666,41.30823079199763,0,up,1,1.4952538330107927,None,328931,"001",2025-09-11_05h49.43.433,Discrimination Orientation task,,2025.2.0,None,2025-09-11 05h49.43.451105 +0530,
20,0,20,0,down,0,0.9011834999837447,None,20,0,20,0,41.31832229200518,,41.308990457997425,41.31832229200518,42.30606391699985,42.31236408298719,43.212123292003525,0,down,0,0.9011834999837447,None,328931,"001",2025-09-11_05h49.43.433,Discrimination Orientation task,,2025.2.0,None,2025-09-11 05h49.43.451105 +0530,
21,0,21,-2,up,0,1.0580333739926573,None,21,0,21,0,43.221462041983614,,43.21255633299006,43.221462041983614,44.20614141700207,44.21248324998305,45.27441199999885,-2,up,0,1.0580333739926573,None,328931,"001",2025-09-11_05h49.43.433,Discrimination Orientation task,,2025.2.0,None,2025-09-11 05h49.43.451105 +0530,
22,0,22,0,down,0,1.0803265830036253,None,22,0,22,0,45.28421058299136,,45.274943957978394,45.28421058299136,46.27277066698298,46.27836070797639,47.35817558298004,0,down,0,1.0803265830036253,None,328931,"001",2025-09-11_05h49.43.433,Discrimination Orientation task,,2025.2.0,None,2025-09-11 05h49.43.451105 +0530,
23,0,23,4,up,0,0.7830402500112541,None,23,0,23,0,47.368530541978544,,47.35910720800166,47.368530541978544,48.35606545797782,48.36091858299915,49.141671833000146,4,up,0,0.7830402500112541,None,328931,"001",2025-09-11_05h49.43.433,Discrimination Orientation task,,2025.2.0,None,2025-09-11 05h49.43.451105 +0530,
24,0,24,3,up,0,0.9465377079905011,None,24,0,24,0,49.15186220800388,,49.14256079198094,49.15186220800388,50.139461582992226,50.14533050000318,51.09174949998851,3,up,0,0.9465377079905011,None,328931,"001",2025-09-11_05h49.43.433,Discrimination Orientation task,,2025.2.0,None,2025-09-11 05h49.43.451105 +0530,
25,0,25,0,down,0,0.9335741660033818,None,25,0,25,0,51.1018331249943,,51.092329916980816,51.1018331249943,52.08940633299062,52.0951988750021,53.02935874997638,0,down,0,0.9335741660033818,None,328931,"001",2025-09-11_05h49.43.433,Discrimination Orientation task,,2025.2.0,None,2025-09-11 05h49.43.451105 +0530,
26,0,26,0,up,1,0.9543161249894183,None,26,0,26,0,53.03823295800248,,53.029726957989624,53.03823295800248,54.02270462497836,54.02751220797654,54.979005250002956,0,up,1,0.9543161249894183,None,328931,"001",2025-09-11_05h49.43.433,Discrimination Orientation task,,2025.2.0,None,2025-09-11 05h49.43.451105 +0530,
27,0,27,4,up,0,0.6765283739950974,None,27,0,27,0,54.98921404199791,,54.97973904199898,54.98921404199791,55.97239954199176,55.978660499997204,56.65806812499068,4,up,0,0.6765283739950974,None,328931,"001",2025-09-11_05h49.43.433,Discrimination Orientation task,,2025.2.0,None,2025-09-11 05h49.43.451105 +0530,
28,0,28,0,down,0,0.9478481659898534,None,28,0,28,0,56.667783541983226,,56.65888920798898,56.667783541983226,57.65595108299749,57.661193124979036,58.60814337499323,0,down,0,0.9478481659898534,None,328931,"001",2025-09-11_05h49.43.433,Discrimination Orientation task,,2025.2.0,None,2025-09-11 05h49.43.451105 +0530,
29,0,29,0,down,0,0.5918895829818211,None,29,0,29,0,58.618021707981825,,58.60892941697966,58.618021707981825,59.605981332977535,59.61155462497845,60.207920041983016,0,down,0,0.5918895829818211,None,328931,"001",2025-09-11_05h49.43.433,Discrimination Orientation task,,2025.2.0,None,2025-09-11 05h49.43.451105 +0530,
30,0,30,0,down,0,0.68028695799876,None,30,0,30,0,60.21750933298608,,60.20846441699541,60.21750933298608,61.205556667002384,61.210204707982484,61.89159958300297,0,down,0,0.68028695799876,None,328931,"001",2025-09-11_05h49.43.433,Discrimination Orientation task,,2025.2.0,None,2025-09-11 05h49.43.451105 +0530,
31,0,31,0,down,0,0.9704504999972414,None,31,0,31,0,61.90161899998202,,61.89240162499482,61.90161899998202,62.889332291990286,62.894975041999714,63.861319457995705,0,down,0,0.9704504999972414,None,328931,"001",2025-09-11_05h49.43.433,Discrimination Orientation task,,2025.2.0,None,2025-09-11 05h49.43.451105 +0530,
32,0,32,0,down,0,0.6406793330097571,None,32,0,32,0,63.8728782919934,,63.861791000002995,63.8728782919934,64.85610529198311,64.86177462499472,65.50818929198431,0,down,0,0.6406793330097571,None,328931,"001",2025-09-11_05h49.43.433,Discrimination Orientation task,,2025.2.0,None,2025-09-11 05h49.43.451105 +0530,
33,0,33,1,up,0,0.8287684989918489,None,33,0,33,0,65.5181208330032,,65.50904820798314,65.5181208330032,66.50593879199005,66.51155054199626,67.34127295800135,1,up,0,0.8287684989918489,None,328931,"001",2025-09-11_05h49.43.433,Discrimination Orientation task,,2025.2.0,None,2025-09-11 05h49.43.451105 +0530,
34,0,34,0,down,0,1.6673061239998788,None,34,0,34,0,67.35112974999356,,67.34203983299085,67.35112974999356,68.33929591698688,68.34382220800035,70.01256279199151,0,down,0,1.6673061239998788,None,328931,"001",2025-09-11_05h49.43.433,Discrimination Orientation task,,2025.2.0,None,2025-09-11 05h49.43.451105 +0530,
35,0,35,-4,up,0,0.7535364160139579,None,35,0,35,0,70.02181629199185,,70.01297745798365,70.02181629199185,71.01304779198836,71.01304779198836,71.77505137497792,-4,up,0,0.7535364160139579,None,328931,"001",2025-09-11_05h49.43.433,Discrimination Orientation task,,2025.2.0,None,2025-09-11 05h49.43.451105 +0530,
36,0,36,4,up,0,0.7349809579900466,None,36,0,36,0,71.78543812499265,,71.77597749998677,71.78543812499265,72.77250666698092,72.77817970799515,73.5117649169988,4,up,0,0.7349809579900466,None,328931,"001",2025-09-11_05h49.43.433,Discrimination Orientation task,,2025.2.0,None,2025-09-11 05h49.43.451105 +0530,
37,0,37,-4,up,0,1.0450849579938222,None,37,0,37,0,73.52231537498301,,73.51229783298913,73.52231537498301,74.50628375000088,74.51241891700192,75.55800891699619,-4,up,0,1.0450849579938222,None,328931,"001",2025-09-11_05h49.43.433,Discrimination Orientation task,,2025.2.0,None,2025-09-11 05h49.43.451105 +0530,
38,0,38,-5,up,0,0.6982537080184557,None,38,0,38,0,75.56774587498512,,75.55879099998856,75.56774587498512,76.55616729200119,76.56255637499271,77.25805091697839,-5,up,0,0.6982537080184557,None,328931,"001",2025-09-11_05h49.43.433,Discrimination Orientation task,,2025.2.0,None,2025-09-11 05h49.43.451105 +0530,
39,0,39,0,down,0,0.7403788329975214,None,39,0,39,0,77.26822329199058,,77.2586867499922,77.26822329199058,78.25601287500467,78.26247724998393,79.00810929198633,0,down,0,0.7403788329975214,None,328931,"001",2025-09-11_05h49.43.433,Discrimination Orientation task,,2025.2.0,None,2025-09-11 05h49.43.451105 +0530,
40,0,40,-4,up,0,0.8283451659954153,None,40,0,40,0,79.01902074998361,,79.00902349999524,79.01902074998361,80.00606041698484,80.01172749997932,80.84134208300384,-4,up,0,0.8283451659954153,None,328931,"001",2025-09-11_05h49.43.433,Discrimination Orientation task,,2025.2.0,None,2025-09-11 05h49.43.451105 +0530,
41,0,41,0,up,1,0.7650470410007983,None,41,0,41,0,80.85110958298901,,80.84213712500059,80.85110958298901,81.83927279198542,81.84490295799333,82.60744112500106,0,up,1,0.7650470410007983,None,328931,"001",2025-09-11_05h49.43.433,Discrimination Orientation task,,2025.2.0,None,2025-09-11 05h49.43.451105 +0530,
42,0,42,0,down,0,0.9219027489889413,None,42,0,42,0,82.61759583299863,,82.60798483298277,82.61759583299863,83.60543104200042,83.61013762498624,84.52859174998594,0,down,0,0.9219027489889413,None,328931,"001",2025-09-11_05h49.43.433,Discrimination Orientation task,,2025.2.0,None,2025-09-11 05h49.43.451105 +0530,
43,0,43,-3,up,0,0.7474209580104798,None,43,0,43,0,84.53920329199173,,84.52899658298702,84.53920329199173,85.52283800000441,85.52839074999793,86.27485358298873,-3,up,0,0.7474209580104798,None,328931,"001",2025-09-11_05h49.43.433,Discrimination Orientation task,,2025.2.0,None,2025-09-11 05h49.43.451105 +0530,
44,0,44,0,up,1,0.8984746669884771,None,44,0,44,0,86.28460329197696,,86.27562033297727,86.28460329197696,87.27265116700437,87.27846062497701,88.17454245800036,0,up,1,0.8984746669884771,None,328931,"001",2025-09-11_05h49.43.433,Discrimination Orientation task,,2025.2.0,None,2025-09-11 05h49.43.451105 +0530,
45,0,45,0,down,0,0.9964561670203693,None,45,0,45,0,88.1842962919909,,88.1750581249944,88.1842962919909,89.17270274998737,89.1783554579888,90.17464070799178,0,down,0,0.9964561670203693,None,328931,"001",2025-09-11_05h49.43.433,Discrimination Orientation task,,2025.2.0,None,2025-09-11 05h49.43.451105 +0530,
46,0,46,0,up,1,0.8153674580098595,None,46,0,46,0,90.18452441698173,,90.17539366698475,90.18452441698173,91.17270266698324,91.17901591700502,91.99132620799355,0,up,1,0.8153674580098595,None,328931,"001",2025-09-11_05h49.43.433,Discrimination Orientation task,,2025.2.0,None,2025-09-11 05h49.43.451105 +0530,
47,0,47,0,up,1,0.7967877919727471,None,47,0,47,0,92.00155824999092,,91.99214654200478,92.00155824999092,92.98925241699908,92.99488949999795,93.79182158299955,0,up,1,0.7967877919727471,None,328931,"001",2025-09-11_05h49.43.433,Discrimination Orientation task,,2025.2.0,None,2025-09-11 05h49.43.451105 +0530,
48,0,48,-5,up,0,0.8046762079757173,None,48,0,48,0,93.802002832992,,93.79248033298063,93.802002832992,94.7893553749891,94.79504799999995,95.59609758298029,-5,up,0,0.8046762079757173,None,328931,"001",2025-09-11_05h49.43.433,Discrimination Orientation task,,2025.2.0,None,2025-09-11 05h49.43.451105 +0530,
49,0,49,0,up,1,1.369791915989481,None,49,0,49,0,95.60570912499679,,95.59677870798623,95.60570912499679,96.59622012497857,96.59622012497857,97.97419916698709,0,up,1,1.369791915989481,None,328931,"001",2025-09-11_05h49.43.433,Discrimination Orientation task,,2025.2.0,None,2025-09-11 05h49.43.451105 +0530,
50,0,50,4,down,1,0.5622850830259267,None,50,0,50,0,97.98400262498762,,97.97478024999145,97.98400262498762,98.97263733300497,98.97848066699225,99.54151929198997,4,down,1,0.5622850830259267,None,328931,"001",2025-09-11_05h49.43.433,Discrimination Orientation task,,2025.2.0,None,2025-09-11 05h49.43.451105 +0530,
51,0,51,0,up,1,0.7488644160039257,None,51,0,51,0,99.55160770798102,,99.54234374998487,99.55160770798102,100.53905758299516,100.5436824169883,101.29127945800428,0,up,1,0.7488644160039257,None,328931,"001",2025-09-11_05h49.43.433,Discrimination Orientation task,,2025.2.0,None,2025-09-11 05h49.43.451105 +0530,
52,0,52,0,up,1,1.6342220000224188,None,52,0,52,0,101.30108024997753,,101.29199287499068,101.30108024997753,102.28945491698687,102.29575437499443,103.928735124995,0,up,1,1.6342220000224188,None,328931,"001",2025-09-11_05h49.43.433,Discrimination Orientation task,,2025.2.0,None,2025-09-11 05h49.43.451105 +0530,
53,0,53,0,up,1,0.8002573330013547,None,53,0,53,0,103.9386204170005,,103.9291133749939,103.9386204170005,104.92251629199018,104.92798041697824,105.72997620797832,0,up,1,0.8002573330013547,None,328931,"001",2025-09-11_05h49.43.433,Discrimination Orientation task,,2025.2.0,None,2025-09-11 05h49.43.451105 +0530,
54,0,54,0,down,0,0.7028600419871509,None,54,0,54,0,105.73848870798247,,105.73039345798315,105.73848870798247,106.72991229197942,106.72991229197942,107.4409781669965,0,down,0,0.7028600419871509,None,328931,"001",2025-09-11_05h49.43.433,Discrimination Orientation task,,2025.2.0,None,2025-09-11 05h49.43.451105 +0530,
55,0,55,3,up,0,1.1155212909798138,None,55,0,55,0,107.45071991698933,,107.44158699997934,107.45071991698933,108.43913304200396,108.44397925000521,109.55741729200236,3,up,0,1.1155212909798138,None,328931,"001",2025-09-11_05h49.43.433,Discrimination Orientation task,,2025.2.0,None,2025-09-11 05h49.43.451105 +0530,
56,0,56,0,down,0,0.4086454579955898,None,56,0,56,0,109.56715462499415,,109.55793091698433,109.56715462499415,110.55600574999698,110.56167041699518,110.97426987500512,0,down,0,0.4086454579955898,None,328931,"001",2025-09-11_05h49.43.433,Discrimination Orientation task,,2025.2.0,None,2025-09-11 05h49.43.451105 +0530,
57,0,57,0,down,0,0.5569715409947094,None,57,0,57,0,110.98372929199832,,110.97468033299083,110.98372929199832,111.97262670798227,111.97826987499138,112.54139729199233,0,down,0,0.5569715409947094,None,328931,"001",2025-09-11_05h49.43.433,Discrimination Orientation task,,2025.2.0,None,2025-09-11 05h49.43.451105 +0530,
58,0,58,-5,up,0,0.8174374579975847,None,58,0,58,0,112.55147116698208,,112.54232604199206,112.55147116698208,113.53914766700473,113.54475270799594,114.3621637079923,-5,up,0,0.8174374579975847,None,328931,"001",2025-09-11_05h49.43.433,Discrimination Orientation task,,2025.2.0,None,2025-09-11 05h49.43.451105 +0530,
59,0,59,1,down,1,0.6376731669879518,None,59,0,59,0,114.37216749999789,,114.36258454198833,114.37216749999789,115.35588995798025,115.36072104200139,115.99550383299356,1,down,1,0.6376731669879518,None,328931,"001",2025-09-11_05h49.43.433,Discrimination Orientation task,,2025.2.0,None,2025-09-11 05h49.43.451105 +0530,
60,0,60,0,up,1,2.035144791996572,None,60,0,60,0,116.00464587498573,,115.99596229198505,116.00464587498573,116.98934533298598,116.99561966699548,119.02861237499746,0,up,1,2.035144791996572,None,328931,"001",2025-09-11_05h49.43.433,Discrimination Orientation task,,2025.2.0,None,2025-09-11 05h49.43.451105 +0530,
61,0,61,0,up,1,0.9728142909880262,None,61,0,61,0,119.03858512500301,,119.02897233297699,119.03858512500301,120.02256387498346,120.0282460829767,121.00810120798997,0,up,1,0.9728142909880262,None,328931,"001",2025-09-11_05h49.43.433,Discrimination Orientation task,,2025.2.0,None,2025-09-11 05h49.43.451105 +0530,
62,0,62,-5,up,0,0.9733753740147222,None,62,0,62,0,121.01853466700413,,121.00902358299936,121.01853466700413,122.0060317919997,122.01205904199742,122.9914757499937,-5,up,0,0.9733753740147222,None,328931,"001",2025-09-11_05h49.43.433,Discrimination Orientation task,,2025.2.0,None,2025-09-11 05h49.43.451105 +0530,
63,0,63,0,up,1,0.9108860830019694,None,63,0,63,0,123.00143612499232,,122.99228254199261,123.00143612499232,123.9893871669774,123.99546774997725,124.90722879199893,0,up,1,0.9108860830019694,None,328931,"001",2025-09-11_05h49.43.433,Discrimination Orientation task,,2025.2.0,None,2025-09-11 05h49.43.451105 +0530,
64,0,64,0,down,0,1.2084857080189977,None,64,0,64,0,124.91682979199686,,124.90762479198747,124.91682979199686,125.90583920798963,125.91168191700126,127.12418245797744,0,down,0,1.2084857080189977,None,328931,"001",2025-09-11_05h49.43.433,Discrimination Orientation task,,2025.2.0,None,2025-09-11 05h49.43.451105 +0530,
65,0,65,-3,down,1,0.9847713740018662,None,65,0,65,0,127.13362700000289,,127.12462533300277,127.13362700000289,128.12250479200156,128.1272766669863,129.11207045798074,-3,down,1,0.9847713740018662,None,328931,"001",2025-09-11_05h49.43.433,Discrimination Orientation task,,2025.2.0,None,2025-09-11 05h49.43.451105 +0530,
66,0,66,-2,down,1,0.8224098329956178,None,66,0,66,0,129.12142595800105,,129.1124889999919,129.12142595800105,130.1057928329974,130.11142845798167,130.94151466697804,-2,down,1,0.8224098329956178,None,328931,"001",2025-09-11_05h49.43.433,Discrimination Orientation task,,2025.2.0,None,2025-09-11 05h49.43.451105 +0530,
67,0,67,0,up,1,2.286723958008224,None,67,0,67,0,130.95174654197763,,130.9423656250001,130.95174654197763,131.93937170799472,131.94602237499203,134.22878195799422,0,up,1,2.286723958008224,None,328931,"001",2025-09-11_05h49.43.433,Discrimination Orientation task,,2025.2.0,None,2025-09-11 05h49.43.451105 +0530,
68,0,68,-5,up,0,1.7102705409924965,None,68,0,68,0,134.2381876669824,,134.22920558298938,134.2381876669824,135.2227135419962,135.2291606249928,136.94134687498445,-5,up,0,1.7102705409924965,None,328931,"001",2025-09-11_05h49.43.433,Discrimination Orientation task,,2025.2.0,None,2025-09-11 05h49.43.451105 +0530,
69,0,69,2,up,0,0.7634804990084376,None,69,0,69,0,136.9517276249826,,136.94221241699415,136.9517276249826,137.93923166699824,137.9454655419977,138.70787687497796,2,up,0,0.7634804990084376,None,328931,"001",2025-09-11_05h49.43.433,Discrimination Orientation task,,2025.2.0,None,2025-09-11 05h49.43.451105 +0530,
70,0,70,0,down,0,0.5032195829844568,None,70,0,70,0,138.71798054198734,,138.70859595798538,138.71798054198734,139.70576808298938,139.71137362500303,140.21145366699784,0,down,0,0.5032195829844568,None,328931,"001",2025-09-11_05h49.43.433,Discrimination Orientation task,,2025.2.0,None,2025-09-11 05h49.43.451105 +0530,
71,0,71,1,down,1,0.5701920830179006,None,71,0,71,0,140.2217258749879,,140.21197895798832,140.2217258749879,141.20575491699856,141.2118657079991,141.7785493329866,1,down,1,0.5701920830179006,None,328931,"001",2025-09-11_05h49.43.433,Discrimination Orientation task,,2025.2.0,None,2025-09-11 05h49.43.451105 +0530,
72,0,72,0,down,0,0.4936447079817299,None,72,0,72,0,141.78868383300141,,141.77900924999267,141.78868383300141,142.77923720798572,142.77923720798572,143.27876283298247,0,down,0,0.4936447079817299,None,328931,"001",2025-09-11_05h49.43.433,Discrimination Orientation task,,2025.2.0,None,2025-09-11 05h49.43.451105 +0530,
73,0,73,-4,up,0,1.1480233740003314,None,73,0,73,0,143.2886972919805,,143.2791839579877,143.2886972919805,144.272739832988,144.27760991698597,145.42457866697805,-4,up,0,1.1480233740003314,None,328931,"001",2025-09-11_05h49.43.433,Discrimination Orientation task,,2025.2.0,None,2025-09-11 05h49.43.451105 +0530,
74,0,74,0,down,0,0.60908466699766,None,74,0,74,0,145.43475204199785,,145.4253133329912,145.43475204199785,146.42272070798208,146.42879645799985,147.04133162499056,0,down,0,0.60908466699766,None,328931,"001",2025-09-11_05h49.43.433,Discrimination Orientation task,,2025.2.0,None,2025-09-11 05h49.43.451105 +0530,
75,0,75,0,down,0,0.6613157080137171,None,75,0,75,0,147.05137775000185,,147.04215641698102,147.05137775000185,148.03939562500454,148.0448195829813,148.70753949999926,0,down,0,0.6613157080137171,None,328931,"001",2025-09-11_05h49.43.433,Discrimination Orientation task,,2025.2.0,None,2025-09-11 05h49.43.451105 +0530,
76,0,76,2,up,0,0.9320352909853682,None,76,0,76,0,148.71742795797763,,148.70814462497947,148.71742795797763,149.70468329198775,149.7093645419809,150.64118812498054,2,up,0,0.9320352909853682,None,328931,"001",2025-09-11_05h49.43.433,Discrimination Orientation task,,2025.2.0,None,2025-09-11 05h49.43.451105 +0530,
77,0,77,0,down,0,0.46808687402517535,None,77,0,77,0,150.65142966699204,,150.64202283299528,150.65142966699204,151.63864620798267,151.64343437500065,152.11180720798438,0,down,0,0.46808687402517535,None,328931,"001",2025-09-11_05h49.43.433,Discrimination Orientation task,,2025.2.0,None,2025-09-11 05h49.43.451105 +0530,
78,0,78,0,down,0,0.5338205000152811,None,78,0,78,0,152.12202641699696,,152.1125305419846,152.12202641699696,153.10582520798198,153.11138170800405,153.64563183300197,0,down,0,0.5338205000152811,None,328931,"001",2025-09-11_05h49.43.433,Discrimination Orientation task,,2025.2.0,None,2025-09-11 05h49.43.451105 +0530,
79,0,79,3,up,0,0.8193149990111124,None,79,0,79,0,153.6548722499865,,153.646038167004,153.6548722499865,154.6462669169996,154.6462669169996,155.47448695800267,3,up,0,0.8193149990111124,None,328931,"001",2025-09-11_05h49.43.433,Discrimination Orientation task,,2025.2.0,None,2025-09-11 05h49.43.451105 +0530,
80,0,80,4,up,0,1.2531000830058474,None,80,0,80,0,155.48479124999722,,155.4754316250037,155.48479124999722,156.4724902919843,156.47813312499784,157.72861166700022,4,up,0,1.2531000830058474,None,328931,"001",2025-09-11_05h49.43.433,Discrimination Orientation task,,2025.2.0,None,2025-09-11 05h49.43.451105 +0530,
81,0,81,-5,up,0,0.6241076239966787,None,81,0,81,0,157.73784045799403,,157.7290166669991,157.73784045799403,158.72245824997663,158.7279977919825,159.3580769999826,-5,up,0,0.6241076239966787,None,328931,"001",2025-09-11_05h49.43.433,Discrimination Orientation task,,2025.2.0,None,2025-09-11 05h49.43.451105 +0530,
82,0,82,3,up,0,0.7118435830052476,None,82,0,82,0,159.36870662498404,,159.35899316699943,159.36870662498404,160.3557105420041,160.3605233329872,161.07458191699698,3,up,0,0.7118435830052476,None,328931,"001",2025-09-11_05h49.43.433,Discrimination Orientation task,,2025.2.0,None,2025-09-11 05h49.43.451105 +0530,
83,0,83,4,up,0,0.6358617910009343,None,83,0,83,0,161.08473383297678,,161.07548808297724,161.08473383297678,162.07262470800197,162.0789649169892,162.71218099998077,4,up,0,0.6358617910009343,None,328931,"001",2025-09-11_05h49.43.433,Discrimination Orientation task,,2025.2.0,None,2025-09-11 05h49.43.451105 +0530,
84,0,84,-2,up,0,0.9375847920018714,None,84,0,84,0,162.7216093329771,,162.712633291987,162.7216093329771,163.70570674998453,163.71141891699517,164.656555708003,-2,up,0,0.9375847920018714,None,328931,"001",2025-09-11_05h49.43.433,Discrimination Orientation task,,2025.2.0,None,2025-09-11 05h49.43.451105 +0530,
85,0,85,-2,up,0,0.8426415419962723,None,85,0,85,0,164.66643379197922,,164.6572018750012,164.66643379197922,165.64659358299104,165.66029083298054,166.4940891249862,-2,up,0,0.8426415419962723,None,328931,"001",2025-09-11_05h49.43.433,Discrimination Orientation task,,2025.2.0,None,2025-09-11 05h49.43.451105 +0530,
86,0,86,0,down,0,0.6811178750067484,None,86,0,86,0,166.50436833300046,,166.49445991698303,166.50436833300046,167.48913345800247,167.49477412499255,168.1739386249974,0,down,0,0.6811178750067484,None,328931,"001",2025-09-11_05h49.43.433,Discrimination Orientation task,,2025.2.0,None,2025-09-11 05h49.43.451105 +0530,
87,0,87,-4,up,0,0.882733249978628,None,87,0,87,0,168.183971749997,,168.1745094579819,168.183971749997,169.17259733300307,169.17863949999446,170.05788654199569,-4,up,0,0.882733249978628,None,328931,"001",2025-09-11_05h49.43.433,Discrimination Orientation task,,2025.2.0,None,2025-09-11 05h49.43.451105 +0530,
88,0,88,0,down,0,0.6566615419869777,None,88,0,88,0,170.06762208297732,,170.05851862498093,170.06762208297732,171.05563720798818,171.06015299999854,171.72382770798868,0,down,0,0.6566615419869777,None,328931,"001",2025-09-11_05h49.43.433,Discrimination Orientation task,,2025.2.0,None,2025-09-11 05h49.43.451105 +0530,
89,0,89,4,up,0,0.5197383329796139,None,89,0,89,0,171.73317845800193,,171.72430025000358,171.73317845800193,172.72247354200226,172.72808691699174,173.2445435419795,4,up,0,0.5197383329796139,None,328931,"001",2025-09-11_05h49.43.433,Discrimination Orientation task,,2025.2.0,None,2025-09-11 05h49.43.451105 +0530,
90,0,90,2,up,0,1.0370333330065478,None,90,0,90,0,173.25448945799144,,173.24495312498766,173.25448945799144,174.23914766698726,174.24474341698806,175.27855579199968,2,up,0,1.0370333330065478,None,328931,"001",2025-09-11_05h49.43.433,Discrimination Orientation task,,2025.2.0,None,2025-09-11 05h49.43.451105 +0530,
91,0,91,0,down,0,0.5388351669826079,None,91,0,91,0,175.28786908299662,,175.27901012499933,175.28786908299662,176.27223474998027,176.27690420800354,176.82328412498464,0,down,0,0.5388351669826079,None,328931,"001",2025-09-11_05h49.43.433,Discrimination Orientation task,,2025.2.0,None,2025-09-11 05h49.43.451105 +0530,
92,0,92,0,down,0,0.5994749999954365,None,92,0,92,0,176.83349129199632,,176.82392412499757,176.83349129199632,177.8224781669851,177.82873204199132,178.4238873749855,0,down,0,0.5994749999954365,None,328931,"001",2025-09-11_05h49.43.433,Discrimination Orientation task,,2025.2.0,None,2025-09-11 05h49.43.451105 +0530,
93,0,93,-4,up,0,0.8324654989992268,None,93,0,93,0,178.43374204199063,,178.4244895830052,178.43374204199063,179.42259608299355,179.42870724998647,180.25712795800064,-4,up,0,0.8324654989992268,None,328931,"001",2025-09-11_05h49.43.433,Discrimination Orientation task,,2025.2.0,None,2025-09-11 05h49.43.451105 +0530,
94,0,94,0,down,0,0.6692508330161218,None,94,0,94,0,180.26650316698942,,180.25765570800286,180.26650316698942,181.2557894999918,181.2613949170045,181.9288444169797,0,down,0,0.6692508330161218,None,328931,"001",2025-09-11_05h49.43.433,Discrimination Orientation task,,2025.2.0,None,2025-09-11 05h49.43.451105 +0530,
95,0,95,0,down,0,0.9641238329932094,None,95,0,95,0,181.93820795798092,,181.92927979197702,181.93820795798092,182.92186183299054,182.92688929199358,183.89064587498433,0,down,0,0.9641238329932094,None,328931,"001",2025-09-11_05h49.43.433,Discrimination Orientation task,,2025.2.0,None,2025-09-11 05h49.43.451105 +0530,
96,0,96,4,up,0,0.6527974169875961,None,96,0,96,0,183.9003269999812,,183.89111716698972,183.9003269999812,184.88916070800042,184.8948190420051,185.5457731669885,4,up,0,0.6527974169875961,None,328931,"001",2025-09-11_05h49.43.433,Discrimination Orientation task,,2025.2.0,None,2025-09-11 05h49.43.451105 +0530,
97,0,97,0,up,1,0.9907432080071885,None,97,0,97,0,185.5551527919888,,185.54623254199396,185.5551527919888,186.5461978749954,186.5461978749954,187.54118845798075,0,up,1,0.9907432080071885,None,328931,"001",2025-09-11_05h49.43.433,Discrimination Orientation task,,2025.2.0,None,2025-09-11 05h49.43.451105 +0530,
98,0,98,-4,down,1,3.9552970830118284,None,98,0,98,0,187.5514417499944,,187.54200733298785,187.5514417499944,188.53917458298383,188.5449777499889,192.50784666699474,-4,down,1,3.9552970830118284,None,328931,"001",2025-09-11_05h49.43.433,Discrimination Orientation task,,2025.2.0,None,2025-09-11 05h49.43.451105 +0530,
99,0,99,0,down,0,0.6372360829846002,None,99,0,99,0,192.522979707981,,192.50829708299716,192.522979707981,193.50579133298015,193.5113496669801,194.1459929169796,0,down,0,0.6372360829846002,None,328931,"001",2025-09-11_05h49.43.433,Discrimination Orientation task,,2025.2.0,None,2025-09-11 05h49.43.451105 +0530,
