reward_today,future_reward,delay,thisN,thisTrialN,thisRepN,key_resp.keys,key_resp.rt,key_resp.duration,trials.thisRepN,trials.thisTrialN,trials.thisN,trials.thisIndex,thisRow.t,notes,trial.started,fixation.started,text.started,key_resp.started,fixation.stopped,trial.stopped,trials.key_resp.keys,trials.key_resp.rt,trials.key_resp.duration,participant,session,date,expName,expVersion,psychopyVersion,frameRate,expStart,
49,60,89,0,0,0,t,4.308175832993584,None,0,0,0,4,0.07290887500857934,,0.06379845800984185,0.07290887500857934,0.9961315830005333,0.9961315830005333,1.0705936670128722,5.515800292007043,t,4.308175832993584,None,p_4,"001",2025-11-03_00h33.34.690,Delay Discounting Task,,2025.2.0,None,2025-11-03 00h33.34.711117 +0530,
40,55,62,1,1,0,t,3.6366622079949593,None,0,1,1,3,5.539856000003056,,5.519409167012782,5.539856000003056,6.514080292006838,6.514080292006838,6.535748624999542,10.156962749999366,t,3.6366622079949593,None,p_4,"001",2025-11-03_00h33.34.690,Delay Discounting Task,,2025.2.0,None,2025-11-03 00h33.34.711117 +0530,
15,35,13,2,2,0,l,4.399398791996646,None,0,2,2,1,10.188723250001203,,10.163633042000583,10.188723250001203,11.152169125009095,11.152169125009095,11.18541020801058,15.555637833007495,l,4.399398791996646,None,p_4,"001",2025-11-03_00h33.34.690,Delay Discounting Task,,2025.2.0,None,2025-11-03 00h33.34.711117 +0530,
67,75,119,3,3,0,t,3.0325971660058713,None,0,3,3,5,15.569602792005753,,15.560803416999988,15.569602792005753,16.556329500002903,16.556329500002903,16.561787416998413,19.591502250012127,t,3.0325971660058713,None,p_4,"001",2025-11-03_00h33.34.690,Delay Discounting Task,,2025.2.0,None,2025-11-03 00h33.34.711117 +0530,
78,80,162,4,4,0,t,3.1191162079921924,None,0,4,4,6,19.602729625010397,,19.59571695800696,19.602729625010397,20.589870916999644,20.589870916999644,20.59712204200332,23.71590812499926,t,3.1191162079921924,None,p_4,"001",2025-11-03_00h33.34.690,Delay Discounting Task,,2025.2.0,None,2025-11-03 00h33.34.711117 +0530,
11,30,7,5,5,0,t,2.168456207989948,None,0,5,5,0,23.72768008300045,,23.720274708000943,23.72768008300045,24.71337837500323,24.71337837500323,24.72307712500333,26.89291012501053,t,2.168456207989948,None,p_4,"001",2025-11-03_00h33.34.690,Delay Discounting Task,,2025.2.0,None,2025-11-03 00h33.34.711117 +0530,
27,50,21,6,6,0,t,6.329813333009952,None,0,6,6,2,26.905858708007145,,26.897125875009806,26.905858708007145,27.889164250009344,27.889164250009344,27.89642350000213,34.221079833005206,t,6.329813333009952,None,p_4,"001",2025-11-03_00h33.34.690,Delay Discounting Task,,2025.2.0,None,2025-11-03 00h33.34.711117 +0530,
49,60,89,7,0,1,l,6.417287791991839,None,1,0,7,4,34.23592295800336,,34.224443750004866,34.23592295800336,35.22272379200149,35.22272379200149,35.229451833001804,41.64609454201127,l,6.417287791991839,None,p_4,"001",2025-11-03_00h33.34.690,Delay Discounting Task,,2025.2.0,None,2025-11-03 00h33.34.711117 +0530,
78,80,162,8,1,1,t,2.7820208329940215,None,1,1,8,6,41.66427587500948,,41.65070320801169,41.66427587500948,42.63940195800387,42.63940195800387,42.66262495800038,45.429509417008376,t,2.7820208329940215,None,p_4,"001",2025-11-03_00h33.34.690,Delay Discounting Task,,2025.2.0,None,2025-11-03 00h33.34.711117 +0530,
40,55,62,9,2,1,t,2.624919666995993,None,1,2,9,3,45.44069149999996,,45.43367370800115,45.44069149999996,46.42951204199926,46.42951204199926,46.44101770799898,49.06481537500804,t,2.624919666995993,None,p_4,"001",2025-11-03_00h33.34.690,Delay Discounting Task,,2025.2.0,None,2025-11-03 00h33.34.711117 +0530,
27,50,21,10,3,1,l,4.139081333007198,None,1,3,10,2,49.077798208003514,,49.06903991701256,49.077798208003514,50.07245195801079,50.07245195801079,50.07245195801079,54.234560333003174,l,4.139081333007198,None,p_4,"001",2025-11-03_00h33.34.690,Delay Discounting Task,,2025.2.0,None,2025-11-03 00h33.34.711117 +0530,
67,75,119,11,4,1,t,2.3720964579988504,None,1,4,11,5,54.252435417001834,,54.24182937500882,54.252435417001834,55.23217354201188,55.23217354201188,55.24747550000029,57.613510458002565,t,2.3720964579988504,None,p_4,"001",2025-11-03_00h33.34.690,Delay Discounting Task,,2025.2.0,None,2025-11-03 00h33.34.711117 +0530,
15,35,13,12,5,1,l,3.7326828749937704,None,1,5,12,1,57.62448350001068,,57.61780229200667,57.62448350001068,58.606556500002625,58.606556500002625,58.63109262500075,62.34668987500481,l,3.7326828749937704,None,p_4,"001",2025-11-03_00h33.34.690,Delay Discounting Task,,2025.2.0,None,2025-11-03 00h33.34.711117 +0530,
11,30,7,13,6,1,l,6.4480610829923535,None,1,6,13,0,62.358368625005824,,62.35130391700659,62.358368625005824,63.35187779201078,63.35187779201078,63.35187779201078,69.80302600000869,l,6.4480610829923535,None,p_4,"001",2025-11-03_00h33.34.690,Delay Discounting Task,,2025.2.0,None,2025-11-03 00h33.34.711117 +0530,
78,80,162,14,0,2,t,2.8350280419981573,None,2,0,14,6,69.83176800000365,,69.80727791700338,69.83176800000365,70.79581870800757,70.79581870800757,70.82903258300212,73.64939408301143,t,2.8350280419981573,None,p_4,"001",2025-11-03_00h33.34.690,Delay Discounting Task,,2025.2.0,None,2025-11-03 00h33.34.711117 +0530,
67,75,119,15,1,2,t,2.6691848330083303,None,2,1,15,5,73.66319925000425,,73.65460500000336,73.66319925000425,74.64558420800313,74.64558420800313,74.65455066700815,77.3228283750068,t,2.6691848330083303,None,p_4,"001",2025-11-03_00h33.34.690,Delay Discounting Task,,2025.2.0,None,2025-11-03 00h33.34.711117 +0530,
49,60,89,16,2,2,t,4.1155371659988305,None,2,2,16,4,77.3357706250099,,77.32689420800307,77.3357706250099,78.32222870799887,78.32222870799887,78.32938541700423,82.44618004201038,t,4.1155371659988305,None,p_4,"001",2025-11-03_00h33.34.690,Delay Discounting Task,,2025.2.0,None,2025-11-03 00h33.34.711117 +0530,
40,55,62,17,3,2,t,2.6398852499987697,None,2,3,17,3,82.45953670800372,,82.45044462500664,82.45953670800372,83.43538612499833,83.43538612499833,83.45644920800987,86.08383920800406,t,2.6398852499987697,None,p_4,"001",2025-11-03_00h33.34.690,Delay Discounting Task,,2025.2.0,None,2025-11-03 00h33.34.711117 +0530,
11,30,7,18,4,2,l,2.4485373750067083,None,2,4,18,0,86.09343350000563,,86.08741895800631,86.09343350000563,87.08164062500873,87.08164062500873,87.08957475000352,89.53659112501191,l,2.4485373750067083,None,p_4,"001",2025-11-03_00h33.34.690,Delay Discounting Task,,2025.2.0,None,2025-11-03 00h33.34.711117 +0530,
27,50,21,19,5,2,l,2.2448758329992415,None,2,5,19,2,89.55566933299997,,89.54112337500555,89.55566933299997,90.52928250000696,90.52928250000696,90.55616170800931,92.78040245801094,l,2.2448758329992415,None,p_4,"001",2025-11-03_00h33.34.690,Delay Discounting Task,,2025.2.0,None,2025-11-03 00h33.34.711117 +0530,
15,35,13,20,6,2,l,2.331643833007547,None,2,6,20,1,92.7921905000112,,92.78402700000152,92.7921905000112,93.80132862500614,93.80132862500614,93.8140676250041,96.13922037500015,l,2.331643833007547,None,p_4,"001",2025-11-03_00h33.34.690,Delay Discounting Task,,2025.2.0,None,2025-11-03 00h33.34.711117 +0530,
49,60,89,21,0,3,t,2.594609665989992,None,3,0,21,4,96.15913266700227,,96.14265279201209,96.15913266700227,97.1363596250012,97.1363596250012,97.16823337500682,99.73674287500035,t,2.594609665989992,None,p_4,"001",2025-11-03_00h33.34.690,Delay Discounting Task,,2025.2.0,None,2025-11-03 00h33.34.711117 +0530,
78,80,162,22,1,3,t,2.754042082990054,None,3,1,22,6,99.75269420800032,,99.74098416700144,99.75269420800032,100.73880937500508,100.73880937500508,100.74591870800941,103.50281729199924,t,2.754042082990054,None,p_4,"001",2025-11-03_00h33.34.690,Delay Discounting Task,,2025.2.0,None,2025-11-03 00h33.34.711117 +0530,
67,75,119,23,2,3,t,2.7472847489989363,None,3,2,23,5,103.5292880830093,,103.50673137500416,103.5292880830093,104.49743687501177,104.49743687501177,104.53008570800012,107.24737879200256,t,2.7472847489989363,None,p_4,"001",2025-11-03_00h33.34.690,Delay Discounting Task,,2025.2.0,None,2025-11-03 00h33.34.711117 +0530,
27,50,21,24,3,3,l,2.838950958001078,None,3,3,24,2,107.25446316700254,,107.25136012501025,107.25446316700254,108.23868775001029,108.23868775001029,108.26520233300107,111.08212579200335,l,2.838950958001078,None,p_4,"001",2025-11-03_00h33.34.690,Delay Discounting Task,,2025.2.0,None,2025-11-03 00h33.34.711117 +0530,
40,55,62,25,4,3,t,3.213970083001186,None,3,4,25,3,111.09350050000648,,111.08645670799888,111.09350050000648,112.07899891700072,112.07899891700072,112.08531000000949,115.29694975000166,t,3.213970083001186,None,p_4,"001",2025-11-03_00h33.34.690,Delay Discounting Task,,2025.2.0,None,2025-11-03 00h33.34.711117 +0530,
15,35,13,26,5,3,l,2.6564578329998767,None,3,5,26,1,115.30584825000551,,115.30048850001185,115.30584825000551,116.29608070800896,116.29608070800896,116.30521645800036,118.95367070801149,l,2.6564578329998767,None,p_4,"001",2025-11-03_00h33.34.690,Delay Discounting Task,,2025.2.0,None,2025-11-03 00h33.34.711117 +0530,
11,30,7,27,6,3,l,2.859146457994939,None,3,6,27,0,118.97452354201232,,118.95846441700996,118.97452354201232,119.94523325000773,119.94523325000773,119.97413550000056,122.81320929199865,l,2.859146457994939,None,p_4,"001",2025-11-03_00h33.34.690,Delay Discounting Task,,2025.2.0,None,2025-11-03 00h33.34.711117 +0530,
49,60,89,28,0,4,t,3.224480457996833,None,4,0,28,4,122.82373775000451,,122.8175478750054,122.82373775000451,123.81248029200651,123.81248029200651,123.81863787501061,127.04051233299833,t,3.224480457996833,None,p_4,"001",2025-11-03_00h33.34.690,Delay Discounting Task,,2025.2.0,None,2025-11-03 00h33.34.711117 +0530,
15,35,13,29,1,4,l,2.9845551239995984,None,4,1,29,1,127.05260791700857,,127.04487841700029,127.05260791700857,128.04270062501018,128.04270062501018,128.06263174999913,131.02970570800244,l,2.9845551239995984,None,p_4,"001",2025-11-03_00h33.34.690,Delay Discounting Task,,2025.2.0,None,2025-11-03 00h33.34.711117 +0530,
78,80,162,30,2,4,t,3.234516666008858,None,4,2,30,6,131.04027287500503,,131.03351120800653,131.04027287500503,132.01908966701012,132.01908966701012,132.03568037500372,135.2652538750117,t,3.234516666008858,None,p_4,"001",2025-11-03_00h33.34.690,Delay Discounting Task,,2025.2.0,None,2025-11-03 00h33.34.711117 +0530,
27,50,21,31,3,4,t,3.8376115410064813,None,4,3,31,2,135.2762449580041,,135.2696990830009,135.2762449580041,136.26254062500084,136.26254062500084,136.2719820830098,140.10404395801015,t,3.8376115410064813,None,p_4,"001",2025-11-03_00h33.34.690,Delay Discounting Task,,2025.2.0,None,2025-11-03 00h33.34.711117 +0530,
40,55,62,32,4,4,t,2.43665679100377,None,4,4,32,3,140.11964254200575,,140.10812937500305,140.11964254200575,141.09603079200315,141.09603079200315,141.11558508301096,143.549267082999,t,2.43665679100377,None,p_4,"001",2025-11-03_00h33.34.690,Delay Discounting Task,,2025.2.0,None,2025-11-03 00h33.34.711117 +0530,
67,75,119,33,5,4,t,3.5065704159933375,None,4,5,33,5,143.5628869580105,,143.55375129201275,143.5628869580105,144.54575045801175,144.54575045801175,144.55406941700494,148.05487208301201,t,3.5065704159933375,None,p_4,"001",2025-11-03_00h33.34.690,Delay Discounting Task,,2025.2.0,None,2025-11-03 00h33.34.711117 +0530,
11,30,7,34,6,4,t,3.483393957998487,None,4,6,34,0,148.06965633299842,,148.05891141699976,148.06965633299842,149.04522258300858,149.04522258300858,149.0624386670097,152.52985133300535,t,3.483393957998487,None,p_4,"001",2025-11-03_00h33.34.690,Delay Discounting Task,,2025.2.0,None,2025-11-03 00h33.34.711117 +0530,
40,55,62,35,0,5,t,4.464025916997343,None,5,0,35,3,152.53796308299934,,152.53457858299953,152.53796308299934,153.52303529200435,153.52303529200435,153.530698417002,157.98921845800942,t,4.464025916997343,None,p_4,"001",2025-11-03_00h33.34.690,Delay Discounting Task,,2025.2.0,None,2025-11-03 00h33.34.711117 +0530,
49,60,89,36,1,5,t,2.8375440829986474,None,5,1,36,4,158.00276329201006,,157.99259204200644,158.00276329201006,158.99003662500763,158.99003662500763,158.9956349999993,161.82957654200436,t,2.8375440829986474,None,p_4,"001",2025-11-03_00h33.34.690,Delay Discounting Task,,2025.2.0,None,2025-11-03 00h33.34.711117 +0530,
15,35,13,37,2,5,t,4.770385165989865,None,5,2,37,1,161.8366847080033,,161.8334878750029,161.8366847080033,162.81944854200992,162.81944854200992,162.82879091700306,167.598680916999,t,4.770385165989865,None,p_4,"001",2025-11-03_00h33.34.690,Delay Discounting Task,,2025.2.0,None,2025-11-03 00h33.34.711117 +0530,
27,50,21,38,3,5,l,4.058685083000455,None,5,3,38,2,167.60922908299835,,167.60229075000098,167.60922908299835,168.59528120800678,168.59528120800678,168.60177691699937,172.6633695000055,l,4.058685083000455,None,p_4,"001",2025-11-03_00h33.34.690,Delay Discounting Task,,2025.2.0,None,2025-11-03 00h33.34.711117 +0530,
67,75,119,39,4,5,t,3.2968247909884667,None,5,4,39,5,172.67379370800336,,172.66737762500998,172.67379370800336,173.66511116700713,173.66511116700713,173.67243441700703,176.9677104170114,t,3.2968247909884667,None,p_4,"001",2025-11-03_00h33.34.690,Delay Discounting Task,,2025.2.0,None,2025-11-03 00h33.34.711117 +0530,
78,80,162,40,5,5,t,2.618024499999592,None,5,5,40,6,176.9768918750051,,176.97113741700014,176.9768918750051,177.96552050000173,177.96552050000173,177.97143066700664,180.58731524999894,t,2.618024499999592,None,p_4,"001",2025-11-03_00h33.34.690,Delay Discounting Task,,2025.2.0,None,2025-11-03 00h33.34.711117 +0530,
11,30,7,41,6,5,l,3.4210743330040714,None,5,6,41,0,180.6043292079994,,180.5915387920104,180.6043292079994,181.57887412499986,181.57887412499986,181.6041336250055,185.00740587500331,l,3.4210743330040714,None,p_4,"001",2025-11-03_00h33.34.690,Delay Discounting Task,,2025.2.0,None,2025-11-03 00h33.34.711117 +0530,
11,30,7,42,0,6,l,2.2042222909949487,None,6,0,42,0,185.02002004200767,,185.00763962500787,185.02002004200767,186.013283917011,186.013283917011,186.0191318750003,188.21965316700516,l,2.2042222909949487,None,p_4,"001",2025-11-03_00h33.34.690,Delay Discounting Task,,2025.2.0,None,2025-11-03 00h33.34.711117 +0530,
49,60,89,43,1,6,t,3.0071877079899423,None,6,1,43,4,188.23877395800082,,188.2244847080001,188.23877395800082,189.213144207999,189.213144207999,189.2381438750017,192.23416658300266,t,3.0071877079899423,None,p_4,"001",2025-11-03_00h33.34.690,Delay Discounting Task,,2025.2.0,None,2025-11-03 00h33.34.711117 +0530,
27,50,21,44,2,6,l,3.316769250013749,None,6,2,44,2,192.25528187501186,,192.23935250000795,192.25528187501186,193.23805937499856,193.23805937499856,193.24581437501183,196.56317862500146,l,3.316769250013749,None,p_4,"001",2025-11-03_00h33.34.690,Delay Discounting Task,,2025.2.0,None,2025-11-03 00h33.34.711117 +0530,
78,80,162,45,3,6,t,2.3728813330089906,None,6,3,45,6,196.57868470800167,,196.5676570420037,196.57868470800167,197.56241850000515,197.56241850000515,197.57567079200817,199.9367665000027,t,2.3728813330089906,None,p_4,"001",2025-11-03_00h33.34.690,Delay Discounting Task,,2025.2.0,None,2025-11-03 00h33.34.711117 +0530,
40,55,62,46,4,6,t,2.9344761240063235,None,6,4,46,3,199.96258045799914,,199.94017941701168,199.96258045799914,200.9356929580099,200.9356929580099,200.9529215000075,203.89638941700105,t,2.9344761240063235,None,p_4,"001",2025-11-03_00h33.34.690,Delay Discounting Task,,2025.2.0,None,2025-11-03 00h33.34.711117 +0530,
67,75,119,47,5,6,t,3.5685153329977766,None,6,5,47,5,204.05041479200008,,203.9104201250011,204.05041479200008,204.89503858301032,204.89503858301032,205.0456647920073,208.48407816700637,t,3.5685153329977766,None,p_4,"001",2025-11-03_00h33.34.690,Delay Discounting Task,,2025.2.0,None,2025-11-03 00h33.34.711117 +0530,
15,35,13,48,6,6,l,3.026743416005047,None,6,6,48,1,208.5022917919996,,208.4889003749995,208.5022917919996,209.48131233300956,209.48131233300956,209.4953768330015,212.51246100000571,l,3.026743416005047,None,p_4,"001",2025-11-03_00h33.34.690,Delay Discounting Task,,2025.2.0,None,2025-11-03 00h33.34.711117 +0530,
40,55,62,49,0,7,t,3.121206040988909,None,7,0,49,3,212.52448487500078,,212.51629258300818,212.52448487500078,213.50275512500957,213.50275512500957,213.5189118749986,216.63013925000269,t,3.121206040988909,None,p_4,"001",2025-11-03_00h33.34.690,Delay Discounting Task,,2025.2.0,None,2025-11-03 00h33.34.711117 +0530,
49,60,89,50,1,7,t,2.8293229170085397,None,7,1,50,4,216.641086292002,,216.63451754199923,216.641086292002,217.63135191700712,217.63135191700712,217.63544250000268,220.480574583009,t,2.8293229170085397,None,p_4,"001",2025-11-03_00h33.34.690,Delay Discounting Task,,2025.2.0,None,2025-11-03 00h33.34.711117 +0530,
15,35,13,51,2,7,l,3.5578938749968074,None,7,2,51,1,220.49472375000187,,220.48523925000336,220.49472375000187,221.48049058300967,221.48049058300967,221.4893239580124,225.05088275000162,l,3.5578938749968074,None,p_4,"001",2025-11-03_00h33.34.690,Delay Discounting Task,,2025.2.0,None,2025-11-03 00h33.34.711117 +0530,
78,80,162,52,3,7,t,3.665609707997646,None,7,3,52,6,225.06463904200064,,225.05506941700878,225.06463904200064,226.04952454200247,226.04952454200247,226.05697029200383,229.7222475830058,t,3.665609707997646,None,p_4,"001",2025-11-03_00h33.34.690,Delay Discounting Task,,2025.2.0,None,2025-11-03 00h33.34.711117 +0530,
27,50,21,53,4,7,l,3.071069833007641,None,7,4,53,2,229.7305265830073,,229.7239673330041,229.7305265830073,230.7236391250044,230.7236391250044,230.72842429199954,233.79608316700615,l,3.071069833007641,None,p_4,"001",2025-11-03_00h33.34.690,Delay Discounting Task,,2025.2.0,None,2025-11-03 00h33.34.711117 +0530,
11,30,7,54,5,7,l,4.33110487399972,None,7,5,54,0,233.80552916700253,,233.79962641700695,233.80552916700253,234.7856327920017,234.7856327920017,234.8029777920019,239.11967562499922,l,4.33110487399972,None,p_4,"001",2025-11-03_00h33.34.690,Delay Discounting Task,,2025.2.0,None,2025-11-03 00h33.34.711117 +0530,
67,75,119,55,6,7,t,3.409022833002382,None,7,6,55,5,239.13850854200427,,239.12424254200596,239.13850854200427,240.11300266699982,240.11300266699982,240.1367732080107,243.53247225000814,t,3.409022833002382,None,p_4,"001",2025-11-03_00h33.34.690,Delay Discounting Task,,2025.2.0,None,2025-11-03 00h33.34.711117 +0530,
40,55,62,56,0,8,t,3.8403544580069138,None,8,0,56,3,243.54379883300862,,243.53669841701048,243.54379883300862,244.5311884170078,244.5311884170078,244.53524687500612,248.3801913750067,t,3.8403544580069138,None,p_4,"001",2025-11-03_00h33.34.690,Delay Discounting Task,,2025.2.0,None,2025-11-03 00h33.34.711117 +0530,
11,30,7,57,1,8,l,4.314893707996816,None,8,1,57,0,248.3934424170002,,248.3836822919984,248.3934424170002,249.37902916700114,249.37902916700114,249.38851279200753,253.69755379200797,l,4.314893707996816,None,p_4,"001",2025-11-03_00h33.34.690,Delay Discounting Task,,2025.2.0,None,2025-11-03 00h33.34.711117 +0530,
78,80,162,58,2,8,t,2.9563632079953095,None,8,2,58,6,253.70834733299853,,253.70174850001058,253.70834733299853,254.69606891700823,254.69606891700823,254.70437437501096,257.6536495420005,t,2.9563632079953095,None,p_4,"001",2025-11-03_00h33.34.690,Delay Discounting Task,,2025.2.0,None,2025-11-03 00h33.34.711117 +0530,
15,35,13,59,3,8,l,4.030636582989246,None,8,3,59,1,257.67444083301234,,257.6584923330083,257.67444083301234,258.64663395800744,258.64663395800744,258.6700775830104,262.67993491700327,l,4.030636582989246,None,p_4,"001",2025-11-03_00h33.34.690,Delay Discounting Task,,2025.2.0,None,2025-11-03 00h33.34.711117 +0530,
67,75,119,60,4,8,t,3.164056998997694,None,8,4,60,5,262.6901291670074,,262.6842117500055,262.6901291670074,263.67846333300986,263.67846333300986,263.67846333300986,266.8462622920051,t,3.164056998997694,None,p_4,"001",2025-11-03_00h33.34.690,Delay Discounting Task,,2025.2.0,None,2025-11-03 00h33.34.711117 +0530,
27,50,21,61,5,8,t,3.6489922080072574,None,8,5,61,2,266.85763016701094,,266.85052550000546,266.85763016701094,267.8370420420106,267.8370420420106,267.85476658301195,271.4872868750099,t,3.6489922080072574,None,p_4,"001",2025-11-03_00h33.34.690,Delay Discounting Task,,2025.2.0,None,2025-11-03 00h33.34.711117 +0530,
49,60,89,62,6,8,t,2.5345961669954704,None,8,6,62,4,271.5165197919996,,271.49060754200036,271.5165197919996,272.4878748750052,272.4878748750052,272.51845391700044,275.03683054201247,t,2.5345961669954704,None,p_4,"001",2025-11-03_00h33.34.690,Delay Discounting Task,,2025.2.0,None,2025-11-03 00h33.34.711117 +0530,
78,80,162,63,0,9,t,2.654785874998197,None,9,0,63,6,275.05459691700526,,275.0414621250093,275.05459691700526,276.0284776250046,276.0284776250046,276.0481791670027,278.69038112500857,t,2.654785874998197,None,p_4,"001",2025-11-03_00h33.34.690,Delay Discounting Task,,2025.2.0,None,2025-11-03 00h33.34.711117 +0530,
27,50,21,64,1,9,l,3.803943999999319,None,9,1,64,2,278.7048073330079,,278.6943693330104,278.7048073330079,279.6906336250104,279.6906336250104,279.71260825000354,283.51368975000514,l,3.803943999999319,None,p_4,"001",2025-11-03_00h33.34.690,Delay Discounting Task,,2025.2.0,None,2025-11-03 00h33.34.711117 +0530,
15,35,13,65,2,9,l,3.196711333002895,None,9,2,65,1,283.52526520800893,,283.51801158300077,283.52526520800893,284.5132325000013,284.5132325000013,284.52447650000977,287.7165833750041,l,3.196711333002895,None,p_4,"001",2025-11-03_00h33.34.690,Delay Discounting Task,,2025.2.0,None,2025-11-03 00h33.34.711117 +0530,
40,55,62,66,3,9,t,2.527211749009439,None,9,3,66,3,287.7271604580019,,287.7207863750082,287.7271604580019,288.7163429580105,288.7163429580105,288.7237368750066,291.25053754200053,t,2.527211749009439,None,p_4,"001",2025-11-03_00h33.34.690,Delay Discounting Task,,2025.2.0,None,2025-11-03 00h33.34.711117 +0530,
11,30,7,67,4,9,l,3.216559041000437,None,9,4,67,0,291.2603122500004,,291.2544158750097,291.2603122500004,292.24588129200856,292.24588129200856,292.2549577500031,295.4641631250124,l,3.216559041000437,None,p_4,"001",2025-11-03_00h33.34.690,Delay Discounting Task,,2025.2.0,None,2025-11-03 00h33.34.711117 +0530,
67,75,119,68,5,9,t,2.6495325830037473,None,9,5,68,5,295.4699345830013,,295.4672269580042,295.4699345830013,296.46243720799976,296.46243720799976,296.46243720799976,299.1143810000067,t,2.6495325830037473,None,p_4,"001",2025-11-03_00h33.34.690,Delay Discounting Task,,2025.2.0,None,2025-11-03 00h33.34.711117 +0530,
49,60,89,69,6,9,t,3.434435207993374,None,9,6,69,4,299.12611641699914,,299.118467332999,299.12611641699914,300.10284800000954,300.10284800000954,300.13806204200955,303.54852666700026,t,3.434435207993374,None,p_4,"001",2025-11-03_00h33.34.690,Delay Discounting Task,,2025.2.0,None,2025-11-03 00h33.34.711117 +0530,
11,30,7,70,0,10,l,3.856999124996946,None,10,0,70,0,303.56427816700307,,303.55198658299923,303.56427816700307,304.5447947920038,304.5447947920038,304.5624013330089,308.40371383300226,l,3.856999124996946,None,p_4,"001",2025-11-03_00h33.34.690,Delay Discounting Task,,2025.2.0,None,2025-11-03 00h33.34.711117 +0530,
67,75,119,71,1,10,t,3.6571112499950686,None,10,1,71,5,308.41888254199876,,308.4084322080016,308.41888254199876,309.40186733299925,309.40186733299925,309.4120800829987,313.0624279170006,t,3.6571112499950686,None,p_4,"001",2025-11-03_00h33.34.690,Delay Discounting Task,,2025.2.0,None,2025-11-03 00h33.34.711117 +0530,
78,80,162,72,2,10,t,3.188364665998961,None,10,2,72,6,313.07029079200584,,313.06655312501243,313.07029079200584,314.06182620800973,314.06182620800973,314.06182620800973,317.25296416701167,t,3.188364665998961,None,p_4,"001",2025-11-03_00h33.34.690,Delay Discounting Task,,2025.2.0,None,2025-11-03 00h33.34.711117 +0530,
49,60,89,73,3,10,t,2.829302917001769,None,10,3,73,4,317.2789211250056,,317.25695520800946,317.2789211250056,318.2623778749985,318.2623778749985,318.27430820801237,321.099498333002,t,2.829302917001769,None,p_4,"001",2025-11-03_00h33.34.690,Delay Discounting Task,,2025.2.0,None,2025-11-03 00h33.34.711117 +0530,
27,50,21,74,4,10,l,4.217583416000707,None,10,4,74,2,321.10907266700815,,321.1030792500096,321.10907266700815,322.09645054201246,322.09645054201246,322.10728145801113,326.3191930419998,l,4.217583416000707,None,p_4,"001",2025-11-03_00h33.34.690,Delay Discounting Task,,2025.2.0,None,2025-11-03 00h33.34.711117 +0530,
40,55,62,75,5,10,t,4.360846416006098,None,10,5,75,3,326.34574095800053,,326.323290291999,326.34574095800053,327.3120258330018,327.3120258330018,327.3394590829994,331.6798447080073,t,4.360846416006098,None,p_4,"001",2025-11-03_00h33.34.690,Delay Discounting Task,,2025.2.0,None,2025-11-03 00h33.34.711117 +0530,
15,35,13,76,6,10,l,2.9940800000040326,None,10,6,76,1,331.69104020801024,,331.68434312500176,331.69104020801024,332.6696158750128,332.6696158750128,332.6877878330124,335.6705056250066,l,2.9940800000040326,None,p_4,"001",2025-11-03_00h33.34.690,Delay Discounting Task,,2025.2.0,None,2025-11-03 00h33.34.711117 +0530,
67,75,119,77,0,11,t,3.055926499000634,None,11,0,77,5,335.69623062500614,,335.67391195800155,335.69623062500614,336.6616720419988,336.6616720419988,336.69553216701024,339.7212112080015,t,3.055926499000634,None,p_4,"001",2025-11-03_00h33.34.690,Delay Discounting Task,,2025.2.0,None,2025-11-03 00h33.34.711117 +0530,
27,50,21,78,1,11,t,3.0524152080033673,None,11,1,78,2,339.73610562500835,,339.72528283300926,339.73610562500835,340.7191129999992,340.7191129999992,340.7281315420114,343.7825872079993,t,3.0524152080033673,None,p_4,"001",2025-11-03_00h33.34.690,Delay Discounting Task,,2025.2.0,None,2025-11-03 00h33.34.711117 +0530,
11,30,7,79,2,11,l,3.1814957080059685,None,11,2,79,0,343.79590175001067,,343.7876109170029,343.79590175001067,344.7785280829994,344.7785280829994,344.7861333750043,347.963337417008,l,3.1814957080059685,None,p_4,"001",2025-11-03_00h33.34.690,Delay Discounting Task,,2025.2.0,None,2025-11-03 00h33.34.711117 +0530,
49,60,89,80,3,11,t,2.43900266700075,None,11,3,80,4,347.97503304200654,,347.9677035420027,347.97503304200654,348.96264950001205,348.96264950001205,348.9683745830116,351.4031310420105,t,2.43900266700075,None,p_4,"001",2025-11-03_00h33.34.690,Delay Discounting Task,,2025.2.0,None,2025-11-03 00h33.34.711117 +0530,
40,55,62,81,4,11,t,2.957541542011313,None,11,4,81,3,351.42941362501006,,351.40651895799965,351.42941362501006,352.3959204170096,352.3959204170096,352.4353597080044,355.35814379200747,t,2.957541542011313,None,p_4,"001",2025-11-03_00h33.34.690,Delay Discounting Task,,2025.2.0,None,2025-11-03 00h33.34.711117 +0530,
15,35,13,82,5,11,t,3.9874494160030736,None,11,5,82,1,355.36963141700835,,355.3621245000104,355.36963141700835,356.36890558300365,356.36890558300365,356.36890558300365,360.363579708006,t,3.9874494160030736,None,p_4,"001",2025-11-03_00h33.34.690,Delay Discounting Task,,2025.2.0,None,2025-11-03 00h33.34.711117 +0530,
78,80,162,83,6,11,t,3.947019373998046,None,11,6,83,6,360.37555587501265,,360.36855287500657,360.37555587501265,361.36206062500423,361.36206062500423,361.3678441670054,365.3149783330009,t,3.947019373998046,None,p_4,"001",2025-11-03_00h33.34.690,Delay Discounting Task,,2025.2.0,None,2025-11-03 00h33.34.711117 +0530,
11,30,7,84,0,12,l,2.7714517489948776,None,12,0,84,0,365.32521645800443,,365.31862833299965,365.32521645800443,366.31315837500733,366.31315837500733,366.3298361670022,369.0882585000072,l,2.7714517489948776,None,p_4,"001",2025-11-03_00h33.34.690,Delay Discounting Task,,2025.2.0,None,2025-11-03 00h33.34.711117 +0530,
67,75,119,85,1,12,t,2.65357291699911,None,12,1,85,5,369.1024381669995,,369.0922706249985,369.1024381669995,370.0858925830107,370.0858925830107,370.09559895801067,372.7479662500118,t,2.65357291699911,None,p_4,"001",2025-11-03_00h33.34.690,Delay Discounting Task,,2025.2.0,None,2025-11-03 00h33.34.711117 +0530,
49,60,89,86,2,12,t,2.9016445409943117,None,12,2,86,4,372.76571387500735,,372.75210974999936,372.76571387500735,373.73673862501164,373.73673862501164,373.77063754200935,376.6397443750029,t,2.9016445409943117,None,p_4,"001",2025-11-03_00h33.34.690,Delay Discounting Task,,2025.2.0,None,2025-11-03 00h33.34.711117 +0530,
27,50,21,87,3,12,t,3.504250124999089,None,12,3,87,2,376.6546101249987,,376.6442161669984,376.6546101249987,377.6384255830053,377.6384255830053,377.6623264580121,381.1478011670115,t,3.504250124999089,None,p_4,"001",2025-11-03_00h33.34.690,Delay Discounting Task,,2025.2.0,None,2025-11-03 00h33.34.711117 +0530,
78,80,162,88,4,12,t,2.4468291660014074,None,12,4,88,6,381.15739787500934,,381.1517151670123,381.15739787500934,382.1454396670015,382.1454396670015,382.1518437080085,384.59772575000534,t,2.4468291660014074,None,p_4,"001",2025-11-03_00h33.34.690,Delay Discounting Task,,2025.2.0,None,2025-11-03 00h33.34.711117 +0530,
40,55,62,89,5,12,t,2.7371808330062777,None,12,5,89,3,384.6086051250022,,384.60178562501096,384.6086051250022,385.5860160000011,385.5860160000011,385.60243625000294,388.3306796250108,t,2.7371808330062777,None,p_4,"001",2025-11-03_00h33.34.690,Delay Discounting Task,,2025.2.0,None,2025-11-03 00h33.34.711117 +0530,
15,35,13,90,6,12,l,3.024940165996668,None,12,6,90,1,388.34127370800707,,388.33474095800193,388.34127370800707,389.32810541700746,389.32810541700746,389.34028787500574,392.3623846670089,l,3.024940165996668,None,p_4,"001",2025-11-03_00h33.34.690,Delay Discounting Task,,2025.2.0,None,2025-11-03 00h33.34.711117 +0530,
40,55,62,91,0,13,t,3.0690240830008406,None,13,0,91,3,392.37506975000724,,392.3666278330056,392.37506975000724,393.37496700001066,393.37496700001066,393.37496700001066,396.44584766701155,t,3.0690240830008406,None,p_4,"001",2025-11-03_00h33.34.690,Delay Discounting Task,,2025.2.0,None,2025-11-03 00h33.34.711117 +0530,
67,75,119,92,1,13,t,2.3072237909946125,None,13,1,92,5,396.45232037499954,,396.4488110420061,396.45232037499954,397.43666837501223,397.43666837501223,397.44802841699857,399.74641166700167,t,2.3072237909946125,None,p_4,"001",2025-11-03_00h33.34.690,Delay Discounting Task,,2025.2.0,None,2025-11-03 00h33.34.711117 +0530,
11,30,7,93,2,13,l,3.2920200000080513,None,13,2,93,0,399.7534952080023,,399.74983325001085,399.7534952080023,400.7458100000076,400.7458100000076,400.75188170801266,404.04794804200355,l,3.2920200000080513,None,p_4,"001",2025-11-03_00h33.34.690,Delay Discounting Task,,2025.2.0,None,2025-11-03 00h33.34.711117 +0530,
78,80,162,94,3,13,t,2.834875957996701,None,13,3,94,6,404.06096620800963,,404.05208304199914,404.06096620800963,405.04634654200345,405.04634654200345,405.05194683300215,407.88235754201014,t,2.834875957996701,None,p_4,"001",2025-11-03_00h33.34.690,Delay Discounting Task,,2025.2.0,None,2025-11-03 00h33.34.711117 +0530,
27,50,21,95,4,13,t,2.9276140420115553,None,13,4,95,2,407.8932887920091,,407.8870152080053,407.8932887920091,408.8825971670012,408.8825971670012,408.88652262500545,411.81644029200834,t,2.9276140420115553,None,p_4,"001",2025-11-03_00h33.34.690,Delay Discounting Task,,2025.2.0,None,2025-11-03 00h33.34.711117 +0530,
15,35,13,96,5,13,l,3.9843643329950282,None,13,5,96,1,411.8279872920102,,411.82049437500245,411.8279872920102,412.8118290420098,412.8118290420098,412.82096399999864,416.80580466700485,l,3.9843643329950282,None,p_4,"001",2025-11-03_00h33.34.690,Delay Discounting Task,,2025.2.0,None,2025-11-03 00h33.34.711117 +0530,
49,60,89,97,6,13,t,2.625271540993708,None,13,6,97,4,416.82471204201283,,416.8097835420049,416.82471204201283,417.8022242920124,417.8022242920124,417.82190249999985,420.4298315830092,t,2.625271540993708,None,p_4,"001",2025-11-03_00h33.34.690,Delay Discounting Task,,2025.2.0,None,2025-11-03 00h33.34.711117 +0530,
78,80,162,98,0,14,t,3.5341584170091664,None,14,0,98,6,420.4369098330062,,420.43345787499857,420.4369098330062,421.4344662920048,421.4344662920048,421.4344662920048,424.9716439170006,t,3.5341584170091664,None,p_4,"001",2025-11-03_00h33.34.690,Delay Discounting Task,,2025.2.0,None,2025-11-03 00h33.34.711117 +0530,
49,60,89,99,1,14,t,2.1838545000064187,None,14,1,99,4,424.98609645800025,,424.9762149580056,424.98609645800025,425.9616144580068,425.9616144580068,425.9790675420081,428.1590245000116,t,2.1838545000064187,None,p_4,"001",2025-11-03_00h33.34.690,Delay Discounting Task,,2025.2.0,None,2025-11-03 00h33.34.711117 +0530,
40,55,62,100,2,14,t,2.373404333004146,None,14,2,100,3,428.1747454580036,,428.1638205420022,428.1747454580036,429.1580633750127,429.1580633750127,429.1617647920066,431.5355974580016,t,2.373404333004146,None,p_4,"001",2025-11-03_00h33.34.690,Delay Discounting Task,,2025.2.0,None,2025-11-03 00h33.34.711117 +0530,
15,35,13,101,3,14,t,3.1139685420057504,None,14,3,101,1,431.545269292008,,431.53790691700124,431.545269292008,432.53542587500124,432.53542587500124,432.53542587500124,435.6540874580096,t,3.1139685420057504,None,p_4,"001",2025-11-03_00h33.34.690,Delay Discounting Task,,2025.2.0,None,2025-11-03 00h33.34.711117 +0530,
27,50,21,102,4,14,t,2.243112415992073,None,14,4,102,2,435.6695402080077,,435.6580584580079,435.6695402080077,436.6530871670111,436.6530871670111,436.66179112500686,438.9001971250109,t,2.243112415992073,None,p_4,"001",2025-11-03_00h33.34.690,Delay Discounting Task,,2025.2.0,None,2025-11-03 00h33.34.711117 +0530,
11,30,7,103,5,14,l,3.0298222080018604,None,14,5,103,0,438.9133370000054,,438.9047289170121,438.9133370000054,439.8994056250085,439.8994056250085,439.90610029200616,442.93132162500115,l,3.0298222080018604,None,p_4,"001",2025-11-03_00h33.34.690,Delay Discounting Task,,2025.2.0,None,2025-11-03 00h33.34.711117 +0530,
67,75,119,104,6,14,t,2.2056188749993453,None,14,6,104,5,442.94235774999834,,442.9359735420003,442.94235774999834,443.93190595800115,443.93190595800115,443.9359636670124,446.13954662501055,t,2.2056188749993453,None,p_4,"001",2025-11-03_00h33.34.690,Delay Discounting Task,,2025.2.0,None,2025-11-03 00h33.34.711117 +0530,
