study_word,thisN,thisTrialN,thisRepN,slider.response,slider.rt,test_word,Reference,old_new,textbox.text,mouse.x,mouse.y,mouse.leftButton,mouse.midButton,mouse.rightButton,mouse.time,mouse.clicked_name,trials.thisRepN,trials.thisTrialN,trials.thisN,trials.thisIndex,trials_2.thisRepN,trials_2.thisTrialN,trials_2.thisN,trials_2.thisIndex,thisRow.t,notes,trial.started,text.started,slider.started,trial.stopped,trials.slider.response,trials.slider.rt,test_routine.started,textText.started,textbox.started,text_3.started,mouse.started,test_routine.stopped,trials_2.textbox.text,trials_2.mouse.x,trials_2.mouse.y,trials_2.mouse.leftButton,trials_2.mouse.midButton,trials_2.mouse.rightButton,trials_2.mouse.time,trials_2.mouse.clicked_name,participant,session,date,expName,expVersion,psychopyVersion,frameRate,expStart,
cushion,0,0,0,1.0052083333333333,2.6469442499947036,,,,,,,,,,,,0,0,0,3,,,,,0.10633654200501041,,0.05623658400145359,0.10633654200501041,0.10633654200501041,2.713261125005374,1.0052083333333333,2.6469442499947036,,,,,,,,,,,,,,,u_1,"001",2025-10-15_14h21.42.372,Word Priming Task,,2025.2.0,None,2025-10-15 14h21.42.496121 +0530,
Police,1,1,0,1.0052083333333333,1.1860897920050775,,,,,,,,,,,,0,1,1,17,,,,,2.722051584001747,,2.7170335840055486,2.722051584001747,2.722051584001747,3.913418959004048,1.0052083333333333,1.1860897920050775,,,,,,,,,,,,,,,u_1,"001",2025-10-15_14h21.42.372,Word Priming Task,,2025.2.0,None,2025-10-15 14h21.42.496121 +0530,
Cruise,2,2,0,1.0052083333333333,0.9369882909959415,,,,,,,,,,,,0,2,2,14,,,,,3.921123667001666,,3.91627537500608,3.921123667001666,3.921123667001666,4.863215125005809,1.0052083333333333,0.9369882909959415,,,,,,,,,,,,,,,u_1,"001",2025-10-15_14h21.42.372,Word Priming Task,,2025.2.0,None,2025-10-15 14h21.42.496121 +0530,
T-shirt,3,3,0,1.0052083333333333,0.8874905410048086,,,,,,,,,,,,0,3,3,10,,,,,4.871680333999393,,4.866623792004248,4.871680333999393,4.871680333999393,5.763235334001365,1.0052083333333333,0.8874905410048086,,,,,,,,,,,,,,,u_1,"001",2025-10-15_14h21.42.372,Word Priming Task,,2025.2.0,None,2025-10-15 14h21.42.496121 +0530,
Pastry,4,4,0,1.0052083333333333,1.222641084001225,,,,,,,,,,,,0,4,4,12,,,,,5.771095875003084,,5.766028209000069,5.771095875003084,5.771095875003084,6.99667204200523,1.0052083333333333,1.222641084001225,,,,,,,,,,,,,,,u_1,"001",2025-10-15_14h21.42.372,Word Priming Task,,2025.2.0,None,2025-10-15 14h21.42.496121 +0530,
board,5,5,0,1.0052083333333333,0.7705088330039871,,,,,,,,,,,,0,5,5,7,,,,,7.005294167000102,,7.000002708999091,7.005294167000102,7.005294167000102,7.779930875003629,1.0052083333333333,0.7705088330039871,,,,,,,,,,,,,,,u_1,"001",2025-10-15_14h21.42.372,Word Priming Task,,2025.2.0,None,2025-10-15 14h21.42.496121 +0530,
book,6,6,0,1.0052083333333333,0.7062288749948493,,,,,,,,,,,,0,6,6,2,,,,,7.78761654200207,,7.782406375001301,7.78761654200207,7.78761654200207,8.496714375003648,1.0052083333333333,0.7062288749948493,,,,,,,,,,,,,,,u_1,"001",2025-10-15_14h21.42.372,Word Priming Task,,2025.2.0,None,2025-10-15 14h21.42.496121 +0530,
Case,7,7,0,1.0052083333333333,0.722807083002408,,,,,,,,,,,,0,7,7,13,,,,,8.504166917002294,,8.498385875005624,8.504166917002294,8.504166917002294,9.22991679199913,1.0052083333333333,0.722807083002408,,,,,,,,,,,,,,,u_1,"001",2025-10-15_14h21.42.372,Word Priming Task,,2025.2.0,None,2025-10-15 14h21.42.496121 +0530,
Chart,8,8,0,1.0052083333333333,0.6562026249957853,,,,,,,,,,,,0,8,8,9,,,,,9.23764179200225,,9.231846417002089,9.23764179200225,9.23764179200225,9.896768000005977,1.0052083333333333,0.6562026249957853,,,,,,,,,,,,,,,u_1,"001",2025-10-15_14h21.42.372,Word Priming Task,,2025.2.0,None,2025-10-15 14h21.42.496121 +0530,
tiger,9,9,0,1.0052083333333333,0.5713196670039906,,,,,,,,,,,,0,9,9,1,,,,,9.904834084001777,,9.89967500000057,9.904834084001777,9.904834084001777,10.480225541999971,1.0052083333333333,0.5713196670039906,,,,,,,,,,,,,,,u_1,"001",2025-10-15_14h21.42.372,Word Priming Task,,2025.2.0,None,2025-10-15 14h21.42.496121 +0530,
marble,10,10,0,1.0052083333333333,0.6051188749988796,,,,,,,,,,,,0,10,10,6,,,,,10.488024083999335,,10.482736917001603,10.488024083999335,10.488024083999335,11.096593750000466,1.0052083333333333,0.6051188749988796,,,,,,,,,,,,,,,u_1,"001",2025-10-15_14h21.42.372,Word Priming Task,,2025.2.0,None,2025-10-15 14h21.42.496121 +0530,
Laptop,11,11,0,1.0052083333333333,1.3873994999958086,,,,,,,,,,,,0,11,11,8,,,,,11.1042675839999,,11.099556875000417,11.1042675839999,11.1042675839999,12.49660933400446,1.0052083333333333,1.3873994999958086,,,,,,,,,,,,,,,u_1,"001",2025-10-15_14h21.42.372,Word Priming Task,,2025.2.0,None,2025-10-15 14h21.42.496121 +0530,
piano,12,12,0,1.0052083333333333,1.0393776669952786,,,,,,,,,,,,0,12,12,4,,,,,12.503856041999825,,12.498512459002086,12.503856041999825,12.503856041999825,13.5466969170011,1.0052083333333333,1.0393776669952786,,,,,,,,,,,,,,,u_1,"001",2025-10-15_14h21.42.372,Word Priming Task,,2025.2.0,None,2025-10-15 14h21.42.496121 +0530,
Keys,13,13,0,1.0052083333333333,2.2375790829973994,,,,,,,,,,,,0,13,13,15,,,,,13.554253375004919,,13.549192209000466,13.554253375004919,13.554253375004919,15.796583750001446,1.0052083333333333,2.2375790829973994,,,,,,,,,,,,,,,u_1,"001",2025-10-15_14h21.42.372,Word Priming Task,,2025.2.0,None,2025-10-15 14h21.42.496121 +0530,
vase,14,14,0,3.0,2.238313542002288,,,,,,,,,,,,0,14,14,0,,,,,15.804219500001636,,15.799093334004283,15.804219500001636,15.804219500001636,18.04655774999992,3.0,2.238313542002288,,,,,,,,,,,,,,,u_1,"001",2025-10-15_14h21.42.372,Word Priming Task,,2025.2.0,None,2025-10-15 14h21.42.496121 +0530,
camera,15,15,0,1,2.0392698330033454,,,,,,,,,,,,0,15,15,5,,,,,18.0531215420051,,18.04837908400077,18.0531215420051,18.0531215420051,20.09656525000173,1,2.0392698330033454,,,,,,,,,,,,,,,u_1,"001",2025-10-15_14h21.42.372,Word Priming Task,,2025.2.0,None,2025-10-15 14h21.42.496121 +0530,
mouse,16,16,0,1,0.8724284159980016,,,,,,,,,,,,0,16,16,11,,,,,20.10341841700574,,20.098361584001395,20.10341841700574,20.10341841700574,20.97987812499923,1,0.8724284159980016,,,,,,,,,,,,,,,u_1,"001",2025-10-15_14h21.42.372,Word Priming Task,,2025.2.0,None,2025-10-15 14h21.42.496121 +0530,
Poster,17,17,0,1,1.3391609169993899,,,,,,,,,,,,0,17,17,16,,,,,20.986932833999163,,20.98156816700066,20.986932833999163,20.986932833999163,22.329901917000825,1,1.3391609169993899,,,,,,,,,,,,,,,u_1,"001",2025-10-15_14h21.42.372,Word Priming Task,,2025.2.0,None,2025-10-15 14h21.42.496121 +0530,
,0,0,0,,,c_s_,case,old ,"case
","[np.float64(0.024739583333333332), np.float64(0.07421875)]","[np.float64(0.006510416666666667), np.float64(-0.3072916666666667)]","[1, 1]","[0, 0]","[0, 0]","[1.531559290997393, 5.031387165996421]","[None, 'text_3']",,,,,0,0,0,12,22.354884542000946,,,,,,,,22.340582791999623,22.354884542000946,22.354884542000946,22.354884542000946,0.010679291997803375,27.372109084004478,"case
","[np.float64(0.024739583333333332), np.float64(0.07421875)]","[np.float64(0.006510416666666667), np.float64(-0.3072916666666667)]","[1, 1]","[0, 0]","[0, 0]","[1.531559290997393, 5.031387165996421]","[None, 'text_3']",u_1,"001",2025-10-15_14h21.42.372,Word Priming Task,,2025.2.0,None,2025-10-15 14h21.42.496121 +0530,
,1,1,0,,,P_st_y,pastry,old ,pastry,"[np.float64(0.006510416666666667), np.float64(0.022135416666666668)]","[np.float64(-0.009114583333333334), np.float64(-0.3229166666666667)]","[1, 1]","[0, 0]","[0, 0]","[1.5465869170002406, 4.412567542000033]","[None, 'text_3']",,,,,0,1,1,11,27.39759341700119,,,,,,,,27.374214334005956,27.39759341700119,27.39759341700119,27.39759341700119,0.0019514579980750568,31.786935459000233,pastry,"[np.float64(0.006510416666666667), np.float64(0.022135416666666668)]","[np.float64(-0.009114583333333334), np.float64(-0.3229166666666667)]","[1, 1]","[0, 0]","[0, 0]","[1.5465869170002406, 4.412567542000033]","[None, 'text_3']",u_1,"001",2025-10-15_14h21.42.372,Word Priming Task,,2025.2.0,None,2025-10-15 14h21.42.496121 +0530,
,2,2,0,,,_o_s_,mouse,old ,mouse,[np.float64(0.040364583333333336)],[np.float64(-0.2994791666666667)],[1],[0],[0],[3.7010542079951847],['text_3'],,,,,0,2,2,6,31.796629292002763,,,,,,,,31.788891292002518,31.796629292002763,31.796629292002763,31.796629292002763,0.0018455000026733615,35.49010737500066,mouse,[np.float64(0.040364583333333336)],[np.float64(-0.2994791666666667)],[1],[0],[0],[3.7010542079951847],['text_3'],u_1,"001",2025-10-15_14h21.42.372,Word Priming Task,,2025.2.0,None,2025-10-15 14h21.42.496121 +0530,
,3,3,0,,,_oo_,book,old ,book,[np.float64(0.040364583333333336)],[np.float64(-0.2994791666666667)],[1],[0],[0],[2.1286384579943842],['text_3'],,,,,0,3,3,2,35.50129995900352,,,,,,,,35.49211416700564,35.50129995900352,35.50129995900352,35.50129995900352,0.0019020420004380867,37.62092379200476,book,[np.float64(0.040364583333333336)],[np.float64(-0.2994791666666667)],[1],[0],[0],[2.1286384579943842],['text_3'],u_1,"001",2025-10-15_14h21.42.372,Word Priming Task,,2025.2.0,None,2025-10-15 14h21.42.496121 +0530,
,4,4,0,,,p_nc_l,pencil,new,pencil,[np.float64(0.040364583333333336)],[np.float64(-0.2994791666666667)],[1],[0],[0],[2.5973387499980163],['text_3'],,,,,0,4,4,22,37.63056358400354,,,,,,,,37.62306841700047,37.63056358400354,37.63056358400354,37.63056358400354,0.002038375001575332,40.220577125001,pencil,[np.float64(0.040364583333333336)],[np.float64(-0.2994791666666667)],[1],[0],[0],[2.5973387499980163],['text_3'],u_1,"001",2025-10-15_14h21.42.372,Word Priming Task,,2025.2.0,None,2025-10-15 14h21.42.496121 +0530,
,5,5,0,,,t_hi_t,tshirt,old ,tshirt,[np.float64(0.040364583333333336)],[np.float64(-0.2994791666666667)],[1],[0],[0],[2.4315371669945307],['text_3'],,,,,0,5,5,10,40.23056304200145,,,,,,,,40.222928959003184,40.23056304200145,40.23056304200145,40.23056304200145,0.002227207995019853,42.654644959002326,tshirt,[np.float64(0.040364583333333336)],[np.float64(-0.2994791666666667)],[1],[0],[0],[2.4315371669945307],['text_3'],u_1,"001",2025-10-15_14h21.42.372,Word Priming Task,,2025.2.0,None,2025-10-15 14h21.42.496121 +0530,
,6,6,0,,,_ho_e,phone,new,c,[],[],[],[],[],[],[],,,,,0,6,6,19,42.680844292000984,,,,,,,,42.65713045900338,42.680844292000984,42.680844292000984,42.680844292000984,0.00236649999715155,52.66342308399908,c,[],[],[],[],[],[],[],u_1,"001",2025-10-15_14h21.42.372,Word Priming Task,,2025.2.0,None,2025-10-15 14h21.42.496121 +0530,
,7,7,0,,,_a_bl_,marble,old,table,[np.float64(0.040364583333333336)],[np.float64(-0.3020833333333333)],[1],[0],[0],[4.038647041001241],['text_3'],,,,,0,7,7,18,52.675355542000034,,,,,,,,52.665679292003915,52.675355542000034,52.675355542000034,52.675355542000034,0.010917957995843608,56.70450033400266,table,[np.float64(0.040364583333333336)],[np.float64(-0.3020833333333333)],[1],[0],[0],[4.038647041001241],['text_3'],u_1,"001",2025-10-15_14h21.42.372,Word Priming Task,,2025.2.0,None,2025-10-15 14h21.42.496121 +0530,
,8,8,0,,,bo_t_e,bottle,new,bottle,[np.float64(0.041666666666666664)],[np.float64(-0.3020833333333333)],[1],[0],[0],[5.247054500003287],['text_3'],,,,,0,8,8,23,56.714253000005556,,,,,,,,56.70689300000231,56.714253000005556,56.714253000005556,56.714253000005556,0.0022869590029586107,61.95410754200566,bottle,[np.float64(0.041666666666666664)],[np.float64(-0.3020833333333333)],[1],[0],[0],[5.247054500003287],['text_3'],u_1,"001",2025-10-15_14h21.42.372,Word Priming Task,,2025.2.0,None,2025-10-15 14h21.42.496121 +0530,
,9,9,0,,,c_m_r_,camera,old ,camera,[np.float64(0.041666666666666664)],[np.float64(-0.3020833333333333)],[1],[0],[0],[3.5481195409956854],['text_3'],,,,,0,9,9,5,61.964163542004826,,,,,,,,61.95643550000386,61.964163542004826,61.964163542004826,61.964163542004826,0.002220916998339817,65.50472866700147,camera,[np.float64(0.041666666666666664)],[np.float64(-0.3020833333333333)],[1],[0],[0],[3.5481195409956854],['text_3'],u_1,"001",2025-10-15_14h21.42.372,Word Priming Task,,2025.2.0,None,2025-10-15 14h21.42.496121 +0530,
,10,10,0,,,_ru_is_,cruise,old ,cruise,[np.float64(0.041666666666666664)],[np.float64(-0.3020833333333333)],[1],[0],[0],[3.1632049590043607],['text_3'],,,,,0,10,10,13,65.53078687500238,,,,,,,,65.50705866700446,65.53078687500238,65.53078687500238,65.53078687500238,0.002224124997155741,68.67043850000482,cruise,[np.float64(0.041666666666666664)],[np.float64(-0.3020833333333333)],[1],[0],[0],[3.1632049590043607],['text_3'],u_1,"001",2025-10-15_14h21.42.372,Word Priming Task,,2025.2.0,None,2025-10-15 14h21.42.496121 +0530,
,11,11,0,,,l_pt_p,laptop,old ,laptop,[np.float64(0.041666666666666664)],[np.float64(-0.3020833333333333)],[1],[0],[0],[2.6987882500034175],['text_3'],,,,,0,11,11,8,68.68021912500262,,,,,,,,68.67268125000555,68.68021912500262,68.68021912500262,68.68021912500262,0.0021416250019683503,71.37166291700123,laptop,[np.float64(0.041666666666666664)],[np.float64(-0.3020833333333333)],[1],[0],[0],[2.6987882500034175],['text_3'],u_1,"001",2025-10-15_14h21.42.372,Word Priming Task,,2025.2.0,None,2025-10-15 14h21.42.496121 +0530,
,12,12,0,,,_a_e,vase,old,case,[np.float64(0.041666666666666664)],[np.float64(-0.3020833333333333)],[1],[0],[0],[2.746086874998582],['text_3'],,,,,0,12,12,0,71.39749300000403,,,,,,,,71.3743331250007,71.39749300000403,71.39749300000403,71.39749300000403,0.002544333001424093,74.12059841700102,case,[np.float64(0.041666666666666664)],[np.float64(-0.3020833333333333)],[1],[0],[0],[2.746086874998582],['text_3'],u_1,"001",2025-10-15_14h21.42.372,Word Priming Task,,2025.2.0,None,2025-10-15 14h21.42.496121 +0530,
,13,13,0,,,t_g_r,tiger,old ,tiger,[np.float64(0.041666666666666664)],[np.float64(-0.3020833333333333)],[1],[0],[0],[2.131699249999656],['text_3'],,,,,0,13,13,1,74.13046374999976,,,,,,,,74.12280187500437,74.13046374999976,74.13046374999976,74.13046374999976,0.0020982920032110997,76.25467466700502,tiger,[np.float64(0.041666666666666664)],[np.float64(-0.3020833333333333)],[1],[0],[0],[2.131699249999656],['text_3'],u_1,"001",2025-10-15_14h21.42.372,Word Priming Task,,2025.2.0,None,2025-10-15 14h21.42.496121 +0530,
,14,14,0,,,_ia_n_,piano,old ,piano,[np.float64(0.041666666666666664)],[np.float64(-0.3020833333333333)],[1],[0],[0],[2.2495514580004965],['text_3'],,,,,0,14,14,4,76.2808326670056,,,,,,,,76.25720220900257,76.2808326670056,76.2808326670056,76.2808326670056,0.0024236660028691404,78.50692737500503,piano,[np.float64(0.041666666666666664)],[np.float64(-0.3020833333333333)],[1],[0],[0],[2.2495514580004965],['text_3'],u_1,"001",2025-10-15_14h21.42.372,Word Priming Task,,2025.2.0,None,2025-10-15 14h21.42.496121 +0530,
,15,15,0,,,_o_rd,board,old,board,[np.float64(0.041666666666666664)],[np.float64(-0.3020833333333333)],[1],[0],[0],[6.878327459002321],['text_3'],,,,,0,15,15,17,78.51796737500263,,,,,,,,78.50915895900107,78.51796737500263,78.51796737500263,78.51796737500263,0.0021289590004016645,85.38765950000379,board,[np.float64(0.041666666666666664)],[np.float64(-0.3020833333333333)],[1],[0],[0],[6.878327459002321],['text_3'],u_1,"001",2025-10-15_14h21.42.372,Word Priming Task,,2025.2.0,None,2025-10-15 14h21.42.496121 +0530,
,16,16,0,,,p_li_e,police,old ,police,[np.float64(0.041666666666666664)],[np.float64(-0.3020833333333333)],[1],[0],[0],[2.214640917001816],['text_3'],,,,,0,16,16,14,85.41393545900064,,,,,,,,85.3899859170051,85.41393545900064,85.41393545900064,85.41393545900064,0.0022206249996088445,87.60479741699965,police,[np.float64(0.041666666666666664)],[np.float64(-0.3020833333333333)],[1],[0],[0],[2.214640917001816],['text_3'],u_1,"001",2025-10-15_14h21.42.372,Word Priming Task,,2025.2.0,None,2025-10-15 14h21.42.496121 +0530,
,17,17,0,,,p_st_r,poster,old,pastry,[np.float64(0.041666666666666664)],[np.float64(-0.3020833333333333)],[1],[0],[0],[2.8636136669956613],['text_3'],,,,,0,17,17,16,87.6308127500015,,,,,,,,87.6070680000048,87.6308127500015,87.6308127500015,87.6308127500015,0.0021560839959420264,90.47085499999957,pastry,[np.float64(0.041666666666666664)],[np.float64(-0.3020833333333333)],[1],[0],[0],[2.8636136669956613],['text_3'],u_1,"001",2025-10-15_14h21.42.372,Word Priming Task,,2025.2.0,None,2025-10-15 14h21.42.496121 +0530,
,18,18,0,,,c_sh_o_n,cushion,old ,cushion,[np.float64(0.041666666666666664)],[np.float64(-0.3020833333333333)],[1],[0],[0],[3.797953666995454],['text_3'],,,,,0,18,18,3,90.49732875000336,,,,,,,,90.4733233750012,90.49732875000336,90.49732875000336,90.49732875000336,0.0023636249970877543,94.27144883400615,cushion,[np.float64(0.041666666666666664)],[np.float64(-0.3020833333333333)],[1],[0],[0],[3.797953666995454],['text_3'],u_1,"001",2025-10-15_14h21.42.372,Word Priming Task,,2025.2.0,None,2025-10-15 14h21.42.496121 +0530,
,19,19,0,,,_oo_,book,new,book,[np.float64(0.041666666666666664)],[np.float64(-0.3020833333333333)],[1],[0],[0],[1.998026832996402],['text_3'],,,,,0,19,19,20,94.29734504200314,,,,,,,,94.27347654200275,94.29734504200314,94.29734504200314,94.29734504200314,0.0019221670008846559,96.27169358399988,book,[np.float64(0.041666666666666664)],[np.float64(-0.3020833333333333)],[1],[0],[0],[1.998026832996402],['text_3'],u_1,"001",2025-10-15_14h21.42.372,Word Priming Task,,2025.2.0,None,2025-10-15 14h21.42.496121 +0530,
,20,20,0,,,_ha_t,chart,old ,,[],[],[],[],[],[],[],,,,,0,20,20,9,96.29732950000471,,,,,,,,96.27405849999923,96.29732950000471,96.29732950000471,96.29732950000471,0.0022341660005622543,106.27960095900198,,[],[],[],[],[],[],[],u_1,"001",2025-10-15_14h21.42.372,Word Priming Task,,2025.2.0,None,2025-10-15 14h21.42.496121 +0530,
,21,21,0,,,k_y_,keys,old,keys,[np.float64(0.041666666666666664)],[np.float64(-0.3020833333333333)],[1],[0],[0],[2.073204041997087],['text_3'],,,,,0,21,21,15,106.28773220899893,,,,,,,,106.28122925000207,106.28773220899893,106.28773220899893,106.28773220899893,0.009402582996699493,108.35460341699945,keys,[np.float64(0.041666666666666664)],[np.float64(-0.3020833333333333)],[1],[0],[0],[2.073204041997087],['text_3'],u_1,"001",2025-10-15_14h21.42.372,Word Priming Task,,2025.2.0,None,2025-10-15 14h21.42.496121 +0530,
,22,22,0,,,ta_l_,table,new,table,[np.float64(0.041666666666666664)],[np.float64(-0.3020833333333333)],[1],[0],[0],[1.8658218330019736],['text_3'],,,,,0,22,22,21,108.38073279200034,,,,,,,,108.35704824999993,108.38073279200034,108.38073279200034,108.38073279200034,0.002308540999365505,110.22305354200216,table,[np.float64(0.041666666666666664)],[np.float64(-0.3020833333333333)],[1],[0],[0],[1.8658218330019736],['text_3'],u_1,"001",2025-10-15_14h21.42.372,Word Priming Task,,2025.2.0,None,2025-10-15 14h21.42.496121 +0530,
,23,23,0,,,o_a_n_e,orange,old ,orange,[np.float64(0.041666666666666664)],[np.float64(-0.3020833333333333)],[1],[0],[0],[2.661210749996826],['text_3'],,,,,0,23,23,7,110.23606666699925,,,,,,,,110.22576341700187,110.23606666699925,110.23606666699925,110.23606666699925,0.0025767090046429075,112.88716316700447,orange,[np.float64(0.041666666666666664)],[np.float64(-0.3020833333333333)],[1],[0],[0],[2.661210749996826],['text_3'],u_1,"001",2025-10-15_14h21.42.372,Word Priming Task,,2025.2.0,None,2025-10-15 14h21.42.496121 +0530,
