study_word,thisN,thisTrialN,thisRepN,slider.response,slider.rt,test_word,Reference,old_new,textbox.text,mouse.x,mouse.y,mouse.leftButton,mouse.midButton,mouse.rightButton,mouse.time,mouse.clicked_name,trials.thisRepN,trials.thisTrialN,trials.thisN,trials.thisIndex,trials_2.thisRepN,trials_2.thisTrialN,trials_2.thisN,trials_2.thisIndex,thisRow.t,notes,trial.started,text.started,slider.started,trial.stopped,trials.slider.response,trials.slider.rt,test_routine.started,textText.started,textbox.started,text_3.started,mouse.started,test_routine.stopped,trials_2.textbox.text,trials_2.mouse.x,trials_2.mouse.y,trials_2.mouse.leftButton,trials_2.mouse.midButton,trials_2.mouse.rightButton,trials_2.mouse.time,trials_2.mouse.clicked_name,textText.stopped,textbox.stopped,text_3.stopped,mouse.stopped,participant,session,date,expName,expVersion,psychopyVersion,frameRate,expStart,
mouse,0,0,0,1,7.865556374999869,,,,,,,,,,,,0,0,0,11,,,,,0.10046991699346108,,0.04851174999930663,0.10046991699346108,0.10046991699346108,7.920150291996833,1,7.865556374999869,,,,,,,,,,,,,,,,,,,V_1,"001",2025-10-14_19h03.10.328,Word Priming Task,,2025.2.0,120.27784230008346,2025-10-14 19h03.10.448107 +0530,
Keys,1,1,0,1,2.4968725420039846,,,,,,,,,,,,0,1,1,15,,,,,7.9456981669936795,,7.923743207997177,7.9456981669936795,7.9456981669936795,10.428662541999074,1,2.4968725420039846,,,,,,,,,,,,,,,,,,,V_1,"001",2025-10-14_19h03.10.328,Word Priming Task,,2025.2.0,120.27784230008346,2025-10-14 19h03.10.448107 +0530,
T-shirt,2,2,0,1,2.4696740829967894,,,,,,,,,,,,0,2,2,10,,,,,10.43837933299801,,10.433476874997723,10.43837933299801,10.43837933299801,12.912094374994922,1,2.4696740829967894,,,,,,,,,,,,,,,,,,,V_1,"001",2025-10-14_19h03.10.328,Word Priming Task,,2025.2.0,120.27784230008346,2025-10-14 19h03.10.448107 +0530,
marble,3,3,0,1,2.0888344580016565,,,,,,,,,,,,0,3,3,6,,,,,12.920001541999227,,12.915125916995748,12.920001541999227,12.920001541999227,15.011915707997105,1,2.0888344580016565,,,,,,,,,,,,,,,,,,,V_1,"001",2025-10-14_19h03.10.328,Word Priming Task,,2025.2.0,120.27784230008346,2025-10-14 19h03.10.448107 +0530,
Chart,4,4,0,1,1.7909414160021697,,,,,,,,,,,,0,4,4,9,,,,,15.020559582997521,,15.014310541999293,15.020559582997521,15.020559582997521,16.812042207995546,1,1.7909414160021697,,,,,,,,,,,,,,,,,,,V_1,"001",2025-10-14_19h03.10.328,Word Priming Task,,2025.2.0,120.27784230008346,2025-10-14 19h03.10.448107 +0530,
tiger,5,5,0,1,1.054955665997113,,,,,,,,,,,,0,5,5,1,,,,,16.820061749996967,,16.814662832999602,16.820061749996967,16.820061749996967,17.878747416994884,1,1.054955665997113,,,,,,,,,,,,,,,,,,,V_1,"001",2025-10-14_19h03.10.328,Word Priming Task,,2025.2.0,120.27784230008346,2025-10-14 19h03.10.448107 +0530,
Pastry,6,6,0,1,2.6405267079971964,,,,,,,,,,,,0,6,6,12,,,,,17.886047957996198,,17.88117683299788,17.886047957996198,17.886047957996198,20.528706707998936,1,2.6405267079971964,,,,,,,,,,,,,,,,,,,V_1,"001",2025-10-14_19h03.10.328,Word Priming Task,,2025.2.0,120.27784230008346,2025-10-14 19h03.10.448107 +0530,
Police,7,7,0,1,1.306043917000352,,,,,,,,,,,,0,7,7,17,,,,,20.537204832995485,,20.531461207996472,20.537204832995485,20.537204832995485,21.84535504199448,1,1.306043917000352,,,,,,,,,,,,,,,,,,,V_1,"001",2025-10-14_19h03.10.328,Word Priming Task,,2025.2.0,120.27784230008346,2025-10-14 19h03.10.448107 +0530,
camera,8,8,0,1,1.1747279170012916,,,,,,,,,,,,0,8,8,5,,,,,21.853418624996266,,21.847209249994194,21.853418624996266,21.853418624996266,23.028715332999127,1,1.1747279170012916,,,,,,,,,,,,,,,,,,,V_1,"001",2025-10-14_19h03.10.328,Word Priming Task,,2025.2.0,120.27784230008346,2025-10-14 19h03.10.448107 +0530,
Poster,9,9,0,1,1.4736783340049442,,,,,,,,,,,,0,9,9,16,,,,,23.035760416998528,,23.030552124997484,23.035760416998528,23.035760416998528,24.512050499994075,1,1.4736783340049442,,,,,,,,,,,,,,,,,,,V_1,"001",2025-10-14_19h03.10.328,Word Priming Task,,2025.2.0,120.27784230008346,2025-10-14 19h03.10.448107 +0530,
cushion,10,10,0,1,2.839664792001713,,,,,,,,,,,,0,10,10,3,,,,,24.520214707998093,,24.51463616699766,24.520214707998093,24.520214707998093,27.361991374993522,1,2.839664792001713,,,,,,,,,,,,,,,,,,,V_1,"001",2025-10-14_19h03.10.328,Word Priming Task,,2025.2.0,120.27784230008346,2025-10-14 19h03.10.448107 +0530,
vase,11,11,0,1.0260416666666667,1.9396026249960414,,,,,,,,,,,,0,11,11,0,,,,,27.370607999997446,,27.364692999995896,27.370607999997446,27.370607999997446,29.311931041993375,1.0260416666666667,1.9396026249960414,,,,,,,,,,,,,,,,,,,V_1,"001",2025-10-14_19h03.10.328,Word Priming Task,,2025.2.0,120.27784230008346,2025-10-14 19h03.10.448107 +0530,
Laptop,12,12,0,1.0260416666666667,1.1064538329956122,,,,,,,,,,,,0,12,12,8,,,,,29.320461082999827,,29.314923874997476,29.320461082999827,29.320461082999827,30.42860991699854,1.0260416666666667,1.1064538329956122,,,,,,,,,,,,,,,,,,,V_1,"001",2025-10-14_19h03.10.328,Word Priming Task,,2025.2.0,120.27784230008346,2025-10-14 19h03.10.448107 +0530,
board,13,13,0,1.0260416666666667,1.2562770829972578,,,,,,,,,,,,0,13,13,7,,,,,30.43645199999446,,30.431128917000024,30.43645199999446,30.43645199999446,31.69529083299858,1.0260416666666667,1.2562770829972578,,,,,,,,,,,,,,,,,,,V_1,"001",2025-10-14_19h03.10.328,Word Priming Task,,2025.2.0,120.27784230008346,2025-10-14 19h03.10.448107 +0530,
book,14,14,0,1.0260416666666667,3.2569132920034463,,,,,,,,,,,,0,14,14,2,,,,,31.703236541994556,,31.697628207999514,31.703236541994556,31.703236541994556,34.96204591699643,1.0260416666666667,3.2569132920034463,,,,,,,,,,,,,,,,,,,V_1,"001",2025-10-14_19h03.10.328,Word Priming Task,,2025.2.0,120.27784230008346,2025-10-14 19h03.10.448107 +0530,
Cruise,15,15,0,1,1.606054583004152,,,,,,,,,,,,0,15,15,14,,,,,34.9697896669968,,34.96403287499561,34.9697896669968,34.9697896669968,36.578893541998696,1,1.606054583004152,,,,,,,,,,,,,,,,,,,V_1,"001",2025-10-14_19h03.10.328,Word Priming Task,,2025.2.0,120.27784230008346,2025-10-14 19h03.10.448107 +0530,
piano,16,16,0,1,1.2725080839954899,,,,,,,,,,,,0,16,16,4,,,,,36.5860116249969,,36.58079816700047,36.5860116249969,36.5860116249969,37.86205158299708,1,1.2725080839954899,,,,,,,,,,,,,,,,,,,V_1,"001",2025-10-14_19h03.10.328,Word Priming Task,,2025.2.0,120.27784230008346,2025-10-14 19h03.10.448107 +0530,
Case,17,17,0,1,1.0736543750026613,,,,,,,,,,,,0,17,17,13,,,,,37.86988695799664,,37.86370312499639,37.86988695799664,37.86988695799664,38.94536758299364,1,1.0736543750026613,,,,,,,,,,,,,,,,,,,V_1,"001",2025-10-14_19h03.10.328,Word Priming Task,,2025.2.0,120.27784230008346,2025-10-14 19h03.10.448107 +0530,
,0,0,0,,,p_li_e,police,old ,p,[],[],[],[],[],[],[],,,,,0,0,0,14,38.97196358299698,,,,,,,,38.95761345799838,38.97196358299698,38.97196358299698,38.97196358299698,0.012243749995832331,48.953320458000235,p,[],[],[],[],[],[],[],,,,,V_1,"001",2025-10-14_19h03.10.328,Word Priming Task,,2025.2.0,120.27784230008346,2025-10-14 19h03.10.448107 +0530,
,1,1,0,,,p_nc_l,pencil,new,,[],[],[],[],[],[],[],,,,,0,1,1,22,48.9795864169937,,,,,,,,48.955793374996574,48.9795864169937,48.9795864169937,48.9795864169937,0.010433874995214865,58.95346145799704,,[],[],[],[],[],[],[],,,,,V_1,"001",2025-10-14_19h03.10.328,Word Priming Task,,2025.2.0,120.27784230008346,2025-10-14 19h03.10.448107 +0530,
,2,2,0,,,_a_bl_,marble,old,p-ncl,[],[],[],[],[],[],[],,,,,0,2,2,18,58.96184120799444,,,,,,,,58.9552784999978,58.96184120799444,58.96184120799444,58.96184120799444,0.009909125001286156,68.94529520799551,p-ncl,[],[],[],[],[],[],[],68.9548795419978,68.9548795419978,68.9548795419978,9.999781291000545,V_1,"001",2025-10-14_19h03.10.328,Word Priming Task,,2025.2.0,120.27784230008346,2025-10-14 19h03.10.448107 +0530,
,3,3,0,,,_o_s_,mouse,old ,_o_,[],[],[],[],[],[],[],,,,,0,3,3,6,68.9548795419978,,,,,,,,68.94732970799669,68.9548795419978,68.9548795419978,68.9548795419978,0.001974749997316394,78.94523716699769,_o_,[],[],[],[],[],[],[],78.95642341699568,78.95642341699568,78.95642341699568,9.99969845799933,V_1,"001",2025-10-14_19h03.10.328,Word Priming Task,,2025.2.0,120.27784230008346,2025-10-14 19h03.10.448107 +0530,
,4,4,0,,,_a_e,vase,old,_a_,[],[],[],[],[],[],[],,,,,0,4,4,0,78.95642341699568,,,,,,,,78.94774662499549,78.95642341699568,78.95642341699568,78.95642341699568,0.002383915998507291,88.94534633299918,_a_,[],[],[],[],[],[],[],88.95575529199414,88.95575529199414,88.95575529199414,9.9998039159982,V_1,"001",2025-10-14_19h03.10.328,Word Priming Task,,2025.2.0,120.27784230008346,2025-10-14 19h03.10.448107 +0530,
,5,5,0,,,P_st_y,pastry,old ,,[],[],[],[],[],[],[],,,,,0,5,5,11,88.95575529199414,,,,,,,,88.9479120420001,88.95575529199414,88.95575529199414,88.95575529199414,0.0025499999974272214,98.94525187499676,,[],[],[],[],[],[],[],98.95337887499772,98.95337887499772,98.95337887499772,9.999757332996523,V_1,"001",2025-10-14_19h03.10.328,Word Priming Task,,2025.2.0,120.27784230008346,2025-10-14 19h03.10.448107 +0530,
,6,6,0,,,o_a_n_e,orange,old ,,[],[],[],[],[],[],[],,,,,0,6,6,7,98.95337887499772,,,,,,,,98.94701895799517,98.95337887499772,98.95337887499772,98.95337887499772,0.0016469580004923046,108.94518820799567,,[],[],[],[],[],[],[],108.95301991699671,108.95301991699671,108.95301991699671,9.999694291000196,V_1,"001",2025-10-14_19h03.10.328,Word Priming Task,,2025.2.0,120.27784230008346,2025-10-14 19h03.10.448107 +0530,
,7,7,0,,,t_hi_t,tshirt,old ,t_hi_t,[],[],[],[],[],[],[],,,,,0,7,7,10,108.95301991699671,,,,,,,,108.94675483299943,108.95301991699671,108.95301991699671,108.95301991699671,0.0013820410022162832,118.93614600000001,t_hi_t,[],[],[],[],[],[],[],118.94565233299363,118.94565233299363,118.94565233299363,9.990611957997316,V_1,"001",2025-10-14_19h03.10.328,Word Priming Task,,2025.2.0,120.27784230008346,2025-10-14 19h03.10.448107 +0530,
,8,8,0,,,l_pt_p,laptop,old ,L_pt,[],[],[],[],[],[],[],,,,,0,8,8,8,118.94565233299363,,,,,,,,118.93831066699931,118.94565233299363,118.94565233299363,118.94565233299363,0.00035316599678481,128.94530741699418,L_pt,[],[],[],[],[],[],[],128.93525470799796,128.93525470799796,128.93525470799796,9.999798374999955,V_1,"001",2025-10-14_19h03.10.328,Word Priming Task,,2025.2.0,120.27784230008346,2025-10-14 19h03.10.448107 +0530,
,9,9,0,,,c_sh_o_n,cushion,old ,,[],[],[],[],[],[],[],,,,,0,9,9,3,128.95734045800054,,,,,,,,128.9487715419964,128.95734045800054,128.95734045800054,128.95734045800054,0.003418957996473182,138.9452146669937,,[],[],[],[],[],[],[],138.9537745419948,138.9537745419948,138.9537745419948,9.999700540996855,V_1,"001",2025-10-14_19h03.10.328,Word Priming Task,,2025.2.0,120.27784230008346,2025-10-14 19h03.10.448107 +0530,
,10,10,0,,,ta_l_,table,new,,[],[],[],[],[],[],[],,,,,0,10,10,21,138.9537745419948,,,,,,,,138.94694770799833,138.9537745419948,138.9537745419948,138.9537745419948,0.001577625000209082,148.93636524999602,,[],[],[],[],[],[],[],148.94496412499575,148.94496412499575,148.94496412499575,9.990837874996942,V_1,"001",2025-10-14_19h03.10.328,Word Priming Task,,2025.2.0,120.27784230008346,2025-10-14 19h03.10.448107 +0530,
,11,11,0,,,p_st_r,poster,old,pastry ,[np.float64(-0.50390625)],[np.float64(-0.30078125)],[1],[0],[0],[6.6761875829979545],[None],,,,,0,11,11,16,148.94496412499575,,,,,,,,148.93832645799557,148.94496412499575,148.94496412499575,148.94496412499575,-0.00033958400308620185,158.93503629199404,pastry ,[np.float64(-0.50390625)],[np.float64(-0.30078125)],[1],[0],[0],[6.6761875829979545],[None],158.93489395799406,158.93489395799406,158.93489395799406,9.989553540995985,V_1,"001",2025-10-14_19h03.10.328,Word Priming Task,,2025.2.0,120.27784230008346,2025-10-14 19h03.10.448107 +0530,
,12,12,0,,,c_m_r_,camera,old ,,[],[],[],[],[],[],[],,,,,0,12,12,5,158.94492312499642,,,,,,,,158.9372682079993,158.94492312499642,158.94492312499642,158.94492312499642,-0.0004030839991173707,168.93614312499994,,[],[],[],[],[],[],[],168.93600979199982,168.93600979199982,168.93600979199982,9.990669416001765,V_1,"001",2025-10-14_19h03.10.328,Word Priming Task,,2025.2.0,120.27784230008346,2025-10-14 19h03.10.448107 +0530,
,13,13,0,,,t_g_r,tiger,old ,,[np.float64(-0.078125)],[np.float64(-0.2786458333333333)],[1],[0],[0],[0.07557762500073295],['text_3'],,,,,0,13,13,1,168.9449597079947,,,,,,,,168.93789266699605,168.9449597079947,168.9449597079947,168.9449597079947,-0.00037275000067893416,169.02068766699813,,[np.float64(-0.078125)],[np.float64(-0.2786458333333333)],[1],[0],[0],[0.07557762500073295],['text_3'],,,,,V_1,"001",2025-10-14_19h03.10.328,Word Priming Task,,2025.2.0,120.27784230008346,2025-10-14 19h03.10.448107 +0530,
,14,14,0,,,_ru_is_,cruise,old ,crus,[],[],[],[],[],[],[],,,,,0,14,14,13,169.0290079579936,,,,,,,,169.0225449999998,169.0290079579936,169.0290079579936,169.0290079579936,0.0017645830012043007,179.0120687499948,crus,[],[],[],[],[],[],[],179.02117483299662,179.02117483299662,179.02117483299662,9.991104499997164,V_1,"001",2025-10-14_19h03.10.328,Word Priming Task,,2025.2.0,120.27784230008346,2025-10-14 19h03.10.448107 +0530,
,15,15,0,,,_oo_,book,old ,look,[np.float64(-0.078125)],[np.float64(-0.2786458333333333)],[1],[0],[0],[9.298662790999515],['text_3'],,,,,0,15,15,2,179.02117483299662,,,,,,,,179.01413124999817,179.02117483299662,179.02117483299662,179.02117483299662,0.0004650409973692149,188.32004866699572,look,[np.float64(-0.078125)],[np.float64(-0.2786458333333333)],[1],[0],[0],[9.298662790999515],['text_3'],,,,,V_1,"001",2025-10-14_19h03.10.328,Word Priming Task,,2025.2.0,120.27784230008346,2025-10-14 19h03.10.448107 +0530,
,16,16,0,,,_ha_t,chart,old ,chart,[np.float64(-0.078125)],[np.float64(-0.2786458333333333)],[1],[0],[0],[7.014969959003793],['text_3'],,,,,0,16,16,9,188.34594804199878,,,,,,,,188.32244329199602,188.34594804199878,188.34594804199878,188.34594804199878,0.002292707999004051,195.33762716699857,chart,[np.float64(-0.078125)],[np.float64(-0.2786458333333333)],[1],[0],[0],[7.014969959003793],['text_3'],,,,,V_1,"001",2025-10-14_19h03.10.328,Word Priming Task,,2025.2.0,120.27784230008346,2025-10-14 19h03.10.448107 +0530,
,17,17,0,,,k_y_,keys,old,,[np.float64(-0.078125)],[np.float64(-0.2786458333333333)],[1],[0],[0],[5.197949374996824],['text_3'],,,,,0,17,17,15,195.35220579199813,,,,,,,,195.3398252919942,195.35220579199813,195.35220579199813,195.35220579199813,0.0020913749976898544,200.53796758299723,,[np.float64(-0.078125)],[np.float64(-0.2786458333333333)],[1],[0],[0],[5.197949374996824],['text_3'],,,,,V_1,"001",2025-10-14_19h03.10.328,Word Priming Task,,2025.2.0,120.27784230008346,2025-10-14 19h03.10.448107 +0530,
,18,18,0,,,bo_t_e,bottle,new,,[np.float64(-0.078125)],[np.float64(-0.2786458333333333)],[1],[0],[0],[1.0129333750010119],['text_3'],,,,,0,18,18,23,200.5617307079956,,,,,,,,200.53995095799473,200.5617307079956,200.5617307079956,200.5617307079956,0.00189245799992932,201.5530489169978,,[np.float64(-0.078125)],[np.float64(-0.2786458333333333)],[1],[0],[0],[1.0129333750010119],['text_3'],,,,,V_1,"001",2025-10-14_19h03.10.328,Word Priming Task,,2025.2.0,120.27784230008346,2025-10-14 19h03.10.448107 +0530,
,19,19,0,,,_oo_,book,new,book,"[np.float64(-0.08854166666666667), np.float64(-0.06640625)]","[np.float64(-0.3372395833333333), np.float64(-0.3020833333333333)]","[1, 1]","[0, 0]","[0, 0]","[6.765985833000741, 8.46552066699951]","[None, 'text_3']",,,,,0,19,19,20,201.5612922079963,,,,,,,,201.554406999996,201.5612922079963,201.5612922079963,201.5612922079963,0.0012596669985214248,210.0201248749945,book,"[np.float64(-0.08854166666666667), np.float64(-0.06640625)]","[np.float64(-0.3372395833333333), np.float64(-0.3020833333333333)]","[1, 1]","[0, 0]","[0, 0]","[6.765985833000741, 8.46552066699951]","[None, 'text_3']",,,,,V_1,"001",2025-10-14_19h03.10.328,Word Priming Task,,2025.2.0,120.27784230008346,2025-10-14 19h03.10.448107 +0530,
,20,20,0,,,_ia_n_,piano,old ,pianon,[],[],[],[],[],[],[],,,,,0,20,20,4,210.0458570829942,,,,,,,,210.0223650419939,210.0458570829942,210.0458570829942,210.0458570829942,0.0021164999998291023,220.02833437499794,pianon,[],[],[],[],[],[],[],,,,,V_1,"001",2025-10-14_19h03.10.328,Word Priming Task,,2025.2.0,120.27784230008346,2025-10-14 19h03.10.448107 +0530,
,21,21,0,,,_ho_e,phone,new,,[np.float64(-0.06640625)],[np.float64(-0.3020833333333333)],[1],[0],[0],[6.7234844580016215],['text_3'],,,,,0,21,21,19,220.0384986249992,,,,,,,,220.03068216699467,220.0384986249992,220.0384986249992,220.0384986249992,0.010438834004162345,226.7543847919951,,[np.float64(-0.06640625)],[np.float64(-0.3020833333333333)],[1],[0],[0],[6.7234844580016215],['text_3'],,,,,V_1,"001",2025-10-14_19h03.10.328,Word Priming Task,,2025.2.0,120.27784230008346,2025-10-14 19h03.10.448107 +0530,
,22,22,0,,,c_s_,case,old ,,[np.float64(-0.06640625)],[np.float64(-0.3020833333333333)],[1],[0],[0],[2.914310457999818],['text_3'],,,,,0,22,22,12,226.7622957919957,,,,,,,,226.7560718329987,226.7622957919957,226.7622957919957,226.7622957919957,0.0015994589994079433,229.67056899999443,,[np.float64(-0.06640625)],[np.float64(-0.3020833333333333)],[1],[0],[0],[2.914310457999818],['text_3'],,,,,V_1,"001",2025-10-14_19h03.10.328,Word Priming Task,,2025.2.0,120.27784230008346,2025-10-14 19h03.10.448107 +0530,
,23,23,0,,,_o_rd,board,old,coa,[],[],[],[],[],[],[],,,,,0,23,23,17,229.67819920799957,,,,,,,,229.6723642500001,229.67819920799957,229.67819920799957,229.67819920799957,0.001710124997771345,239.6617286249966,coa,[],[],[],[],[],[],[],239.6698406669966,239.6698406669966,239.6698406669966,9.990900124998007,V_1,"001",2025-10-14_19h03.10.328,Word Priming Task,,2025.2.0,120.27784230008346,2025-10-14 19h03.10.448107 +0530,
